dataset_id,input_window_bars,full_history_bars,comparison_tail_bars,feature_family,feature,mae,reference_iqr,iqr_normalized_mae,final_abs_error
spy_1m,60,499,32,derivative,pressure,0.07990480414154363,0.13048878959369958,0.6123499527456855,0.0019274138023290671
spy_1m,60,499,32,derivative,velocity,0.1725165172128769,0.7722638002211084,0.22339065635794833,0.0032918054942061847
spy_1m,60,499,32,derivative,acceleration,0.21464042225286223,0.5320532164748866,0.4034190859233222,0.033478954775146286
spy_1m,60,499,32,derivative,jerk,0.18543161637845343,0.5793769043868167,0.3200535177954753,0.01969071778804593
spy_1m,60,499,32,derivative,snap,0.23046766073264968,0.5393241505439985,0.4273267950270436,0.011375780427401727
spy_1m,60,499,32,stratum,structure,0.07600855471660173,0.06657567662384745,1.1416865523733246,0.0006449024604425202
spy_1m,60,499,32,stratum,kinematics,0.04110007374403997,0.08157694451687425,0.503819724892226,0.004451772910801177
spy_1m,60,499,32,stratum,geometry,0.04166732221318532,0.05689741336386955,0.7323236637615674,0.03970235196732669
spy_1m,60,499,32,stratum,information,0.08382749212641942,0.1112042910666563,0.753815264881936,0.010678140790317092
spy_1m,60,499,32,stratum,propagation,0.0949130593453816,0.1451760545711196,0.6537790245490183,0.03548740843510889
spy_1m,60,499,32,stratum,cascade_bias,0.11502572264125241,0.3026639100415363,0.38004439520214606,0.0019502708489576859
spy_1m,60,499,32,stratum,scaling_exponent,0.11580436015389946,0.15982671953009792,0.7245619536856706,4.440892098500626e-16
spy_1m,60,499,32,carrier,carrier_price_structure,0.07600855471660173,0.06657567662384745,1.1416865523733246,0.0006449024604425202
spy_1m,60,499,32,carrier,carrier_realized_volatility,0.5548722746608228,0.21982272357456345,2.524180692687174,0.48205946282067685
spy_1m,60,499,32,carrier,carrier_participation,0.3691333214128664,0.3094711506333319,1.1927875042873497,0.25211868520882713
spy_1m,60,499,32,carrier,carrier_liquidity_stress,0.0015792555267502163,0.00101752246813136,1.5520596116668137,0.0011481254512846206
spy_1m,60,499,32,carrier_ratio,ratio_realized_volatility,1.2807704206506467,0.21507774084931852,5.954918512687664,0.6568866445218448
spy_1m,60,499,32,carrier_ratio,ratio_participation,0.3868639451293526,0.3293712428400801,1.1745528899048026,0.25245966358223426
spy_1m,60,499,32,carrier_ratio,ratio_liquidity_stress,0.0015813751438749982,0.0010175168603949736,1.554151292648998,0.001150181539686601
spy_1m,96,499,32,derivative,pressure,0.00167917574307385,0.13048878959369958,0.012868352509838333,0.0007098440425002406
spy_1m,96,499,32,derivative,velocity,0.004095824556440545,0.7722638002211084,0.0053036599090464445,0.00039614935661330675
spy_1m,96,499,32,derivative,acceleration,0.0038356298883236353,0.5320532164748866,0.007209109482950905,0.002611911706749785
spy_1m,96,499,32,derivative,jerk,0.0043419268922962675,0.5793769043868167,0.007494131815439803,4.9157943517286196e-05
spy_1m,96,499,32,derivative,snap,0.002371366357998333,0.5393241505439985,0.004396922250943915,0.00013852812326908825
spy_1m,96,499,32,stratum,structure,0.0017484004864461947,0.06657567662384745,0.026261850800625836,2.6758953914796102e-05
spy_1m,96,499,32,stratum,kinematics,0.0009842018369425488,0.08157694451687425,0.012064705815734076,0.0003994483138481941
spy_1m,96,499,32,stratum,geometry,0.001161927951792591,0.05689741336386955,0.020421454739283935,0.0014256625480785212
spy_1m,96,499,32,stratum,information,0.014609753493393596,0.1112042910666563,0.13137760560549278,0.0010347700440029306
spy_1m,96,499,32,stratum,propagation,0.004016780680028264,0.1451760545711196,0.027668341668980283,0.00023276264989746664
spy_1m,96,499,32,stratum,cascade_bias,0.006771922293615146,0.3026639100415363,0.022374396381404694,5.238600450449549e-05
spy_1m,96,499,32,stratum,scaling_exponent,3.434752482434078e-16,0.15982671953009792,2.1490477265206332e-15,4.440892098500626e-16
spy_1m,96,499,32,carrier,carrier_price_structure,0.0017484004864461947,0.06657567662384745,0.026261850800625836,2.6758953914796102e-05
spy_1m,96,499,32,carrier,carrier_realized_volatility,0.2930290969128284,0.21982272357456345,1.3330245943087566,0.21502016716301248
spy_1m,96,499,32,carrier,carrier_participation,0.26825224106507994,0.3094711506333319,0.8668085555506625,0.17648446283017943
spy_1m,96,499,32,carrier,carrier_liquidity_stress,0.0005720688611799678,0.00101752246813136,0.5622174242801241,0.0004064948178492678
spy_1m,96,499,32,carrier_ratio,ratio_realized_volatility,0.3235861531479649,0.21507774084931852,1.5045078671096253,0.21312631226909573
spy_1m,96,499,32,carrier_ratio,ratio_participation,0.268182400285507,0.3293712428400801,0.8142253038639375,0.18012674235158266
spy_1m,96,499,32,carrier_ratio,ratio_liquidity_stress,0.0005725371991963726,0.0010175168603949736,0.562680798207244,0.00040707567055475735
spy_1m,128,499,32,derivative,pressure,0.0007791242541936379,0.13048878959369958,0.005970813712193837,0.00034876109778146647
spy_1m,128,499,32,derivative,velocity,0.0009291628457552725,0.7722638002211084,0.0012031676811592646,0.0002421453278516894
spy_1m,128,499,32,derivative,acceleration,0.0009152033792948686,0.5320532164748866,0.0017201350371651538,0.0010198547494496071
spy_1m,128,499,32,derivative,jerk,0.0005729535579680723,0.5793769043868167,0.0009889133543810442,3.853483413351899e-05
spy_1m,128,499,32,derivative,snap,0.0005749412283024848,0.5393241505439985,0.0010660402055471844,0.00024369619466374504
spy_1m,128,499,32,stratum,structure,0.0008914308505364888,0.06657567662384745,0.013389737750215786,4.501046305777079e-05
spy_1m,128,499,32,stratum,kinematics,0.00017288774075978688,0.08157694451687425,0.0021193211119107914,0.00017365554887072143
spy_1m,128,499,32,stratum,geometry,0.0006431042744848153,0.05689741336386955,0.011302873653887283,0.0008411200692615695
spy_1m,128,499,32,stratum,information,0.004849211841189225,0.1112042910666563,0.04360633744144448,0.00013789364222949185
spy_1m,128,499,32,stratum,propagation,0.0014473508200290655,0.1451760545711196,0.00996962497916645,0.0001480521302111848
spy_1m,128,499,32,stratum,cascade_bias,0.0036448458431046415,0.3026639100415363,0.012042551893961981,4.0667717003117776e-05
spy_1m,128,499,32,stratum,scaling_exponent,3.434752482434078e-16,0.15982671953009792,2.1490477265206332e-15,4.440892098500626e-16
spy_1m,128,499,32,carrier,carrier_price_structure,0.0008914308505364888,0.06657567662384745,0.013389737750215786,4.501046305777079e-05
spy_1m,128,499,32,carrier,carrier_realized_volatility,0.13963154443672066,0.21982272357456345,0.6352006842884825,0.10096306737885202
spy_1m,128,499,32,carrier,carrier_participation,0.07550814486693014,0.3094711506333319,0.2439909009689689,0.04928936019736141
spy_1m,128,499,32,carrier,carrier_liquidity_stress,0.0001866978117970406,0.00101752246813136,0.18348274130978534,0.00013266982863124888
spy_1m,128,499,32,carrier_ratio,ratio_realized_volatility,0.13725829552139576,0.21507774084931852,0.6381799203366082,0.09600315028384188
spy_1m,128,499,32,carrier_ratio,ratio_participation,0.07622523287272462,0.3293712428400801,0.23142649678658897,0.05447382796250877
spy_1m,128,499,32,carrier_ratio,ratio_liquidity_stress,0.0001868135577863389,0.0010175168603949736,0.18359750590650925,0.00013284468714314102
spy_1m,192,499,32,derivative,pressure,2.1081182446018414e-06,0.13048878959369958,1.6155550612170198e-05,9.951517782047503e-07
spy_1m,192,499,32,derivative,velocity,2.5271139963464317e-06,0.7722638002211084,3.2723455322169556e-06,6.967839254190533e-07
spy_1m,192,499,32,derivative,acceleration,2.5197521429109766e-06,0.5320532164748866,4.735902471571491e-06,2.613500347491138e-06
spy_1m,192,499,32,derivative,jerk,1.7834437098445755e-06,0.5793769043868167,3.078209877440804e-06,1.351241303293449e-07
spy_1m,192,499,32,derivative,snap,1.4589189412528162e-06,0.5393241505439985,2.705087357540456e-06,7.49335630989556e-07
spy_1m,192,499,32,stratum,structure,2.749932011131273e-06,0.06657567662384745,4.13053558083741e-05,2.7221960130496825e-07
spy_1m,192,499,32,stratum,kinematics,4.974121125718434e-07,0.08157694451687425,6.097459466246046e-06,4.888648408307716e-07
spy_1m,192,499,32,stratum,geometry,1.973859301895864e-06,0.05689741336386955,3.469154721098947e-05,3.2025522960776875e-06
spy_1m,192,499,32,stratum,information,6.750199688680333e-07,0.1112042910666563,6.070089224015858e-06,4.438660318739629e-07
spy_1m,192,499,32,stratum,propagation,5.9293663929108065e-06,0.1451760545711196,4.084259219213109e-05,4.845018811705515e-07
spy_1m,192,499,32,stratum,cascade_bias,1.1789729143359302e-05,0.3026639100415363,3.89532043702909e-05,9.691586363991256e-08
spy_1m,192,499,32,stratum,scaling_exponent,5.724587470723463e-17,0.15982671953009792,3.5817462108677217e-16,0.0
spy_1m,192,499,32,carrier,carrier_price_structure,2.749932011131273e-06,0.06657567662384745,4.13053558083741e-05,2.7221960130496825e-07
spy_1m,192,499,32,carrier,carrier_realized_volatility,0.013728626265694393,0.21982272357456345,0.06245317154865324,0.010088842006745091
spy_1m,192,499,32,carrier,carrier_participation,0.013670514628243495,0.3094711506333319,0.044173793260750875,0.009042904798166329
spy_1m,192,499,32,carrier,carrier_liquidity_stress,7.390334917487841e-05,0.00101752246813136,0.07263068039234456,5.251789445226418e-05
spy_1m,192,499,32,carrier_ratio,ratio_realized_volatility,0.013090909327378733,0.21507774084931852,0.06086594212717765,0.00952692865012228
spy_1m,192,499,32,carrier_ratio,ratio_participation,0.014649392941458672,0.3293712428400801,0.044476842650684606,0.010763173048699004
spy_1m,192,499,32,carrier_ratio,ratio_liquidity_stress,7.394450714626188e-05,0.0010175168603949736,0.07267153009883154,5.2582283653901385e-05
spy_1m,256,499,32,derivative,pressure,2.059199977282565e-07,0.13048878959369958,1.578066578511653e-06,1.0245961100385781e-07
spy_1m,256,499,32,derivative,velocity,2.4506272004124613e-07,0.7722638002211084,3.1733032154437605e-07,7.087960546270367e-08
spy_1m,256,499,32,derivative,acceleration,2.493125466696607e-07,0.5320532164748866,4.685857334374907e-07,2.435380772256024e-07
spy_1m,256,499,32,derivative,jerk,1.8079437106698765e-07,0.5793769043868167,3.120496687011218e-07,4.253448965263473e-08
spy_1m,256,499,32,derivative,snap,1.4305483481385616e-07,0.5393241505439985,2.652483384427741e-07,9.116423144162056e-08
spy_1m,256,499,32,stratum,structure,3.1626585402649843e-07,0.06657567662384745,4.750471494467873e-06,4.908814643656001e-08
spy_1m,256,499,32,stratum,kinematics,5.065535164244794e-08,0.08157694451687425,6.209518135601395e-07,4.652270935157077e-08
spy_1m,256,499,32,stratum,geometry,2.2425951154078638e-07,0.05689741336386955,3.9414711193741804e-06,4.1778801296299406e-07
spy_1m,256,499,32,stratum,information,8.648746370378685e-08,0.1112042910666563,7.777349495618466e-07,5.3260661547760435e-08
spy_1m,256,499,32,stratum,propagation,8.169267316469886e-07,0.1451760545711196,5.627145151866545e-06,6.481413006298453e-08
spy_1m,256,499,32,stratum,cascade_bias,1.6457517253544787e-06,0.3026639100415363,5.4375552246338945e-06,4.4520879149967385e-08
spy_1m,256,499,32,stratum,scaling_exponent,0.0,0.15982671953009792,0.0,0.0
spy_1m,256,499,32,carrier,carrier_price_structure,3.1626585402649843e-07,0.06657567662384745,4.750471494467873e-06,4.908814643656001e-08
spy_1m,256,499,32,carrier,carrier_realized_volatility,0.0036634359062902213,0.21982272357456345,0.016665410412166015,0.0026980245843897244
spy_1m,256,499,32,carrier,carrier_participation,0.002201393625979685,0.3094711506333319,0.007113404986133727,0.0014472413907554993
spy_1m,256,499,32,carrier,carrier_liquidity_stress,2.3647312830539155e-05,0.00101752246813136,0.023240089109743706,1.6804623385824335e-05
spy_1m,256,499,32,carrier_ratio,ratio_realized_volatility,0.003492254782997379,0.21507774084931852,0.016237174378003257,0.002549188817086434
spy_1m,256,499,32,carrier_ratio,ratio_participation,0.0023370544788915495,0.3293712428400801,0.007095502505743228,0.0017087137303728461
spy_1m,256,499,32,carrier_ratio,ratio_liquidity_stress,2.365985768790213e-05,0.0010175168603949736,0.023252546084315488,1.682483205955876e-05
spy_1m,365,499,32,derivative,pressure,8.690958271627414e-09,0.13048878959369958,6.660310283119555e-08,4.646500892380168e-09
spy_1m,365,499,32,derivative,velocity,1.0098503953198668e-08,0.7722638002211084,1.3076495299025209e-08,3.2053630860673366e-09
spy_1m,365,499,32,derivative,acceleration,1.0913350678015687e-08,0.5320532164748866,2.0511765252209142e-08,9.770733958025524e-09
spy_1m,365,499,32,derivative,jerk,8.668186249729051e-09,0.5793769043868167,1.4961221588394215e-08,4.6803825815011635e-09
spy_1m,365,499,32,derivative,snap,6.0799811803019174e-09,0.5393241505439985,1.1273333808933349e-08,5.6383905322476835e-09
spy_1m,365,499,32,stratum,structure,1.824902444436116e-08,0.06657567662384745,2.7410948517231217e-07,4.51621606778474e-09
spy_1m,365,499,32,stratum,kinematics,2.430801265135285e-09,0.08157694451687425,2.9797650298516292e-08,1.8318238592662794e-09
spy_1m,365,499,32,stratum,geometry,1.8257420632619703e-08,0.05689741336386955,3.208831395525856e-07,2.2617571537875136e-08
spy_1m,365,499,32,stratum,information,5.633183326921032e-09,0.1112042910666563,5.0656168686372715e-08,3.252240421414143e-09
spy_1m,365,499,32,stratum,propagation,6.221504670125833e-08,0.1451760545711196,4.285489565414529e-07,5.2299157227153614e-09
spy_1m,365,499,32,stratum,cascade_bias,1.2854673778683531e-07,0.3026639100415363,4.247177596073285e-07,5.7174981415997195e-09
spy_1m,365,499,32,stratum,scaling_exponent,0.0,0.15982671953009792,0.0,0.0
spy_1m,365,499,32,carrier,carrier_price_structure,1.824902444436116e-08,0.06657567662384745,2.7410948517231217e-07,4.51621606778474e-09
spy_1m,365,499,32,carrier,carrier_realized_volatility,0.00061112188518944,0.21982272357456345,0.0027800669341727477,0.0004504681094056884
spy_1m,365,499,32,carrier,carrier_participation,0.0001578572864191002,0.3094711506333319,0.0005100872443070887,0.00010388743693831581
spy_1m,365,499,32,carrier,carrier_liquidity_stress,3.4588137665259727e-06,0.00101752246813136,0.003399250507831978,2.457965610824786e-06
spy_1m,365,499,32,carrier_ratio,ratio_realized_volatility,0.0005823330887864756,0.21507774084931852,0.0027075469850432023,0.00042566924608911094
spy_1m,365,499,32,carrier_ratio,ratio_participation,0.00016729790456952373,0.3293712428400801,0.0005079311209046626,0.00012230720807515638
spy_1m,365,499,32,carrier_ratio,ratio_liquidity_stress,3.460611417399617e-06,0.0010175168603949736,0.0034010359455432493,2.4608909838796933e-06
spy_5m,60,499,32,derivative,pressure,0.015880031994529056,0.0992279377303526,0.16003589672177124,0.004831016584964591
spy_5m,60,499,32,derivative,velocity,0.12779677823596255,0.7498099465644188,0.1704388943111774,0.014242532755479653
spy_5m,60,499,32,derivative,acceleration,0.19064096292818655,0.4372221476299743,0.4360276897261115,0.023161974148627
spy_5m,60,499,32,derivative,jerk,0.17431648698434277,0.45164375084863917,0.38596014371238807,0.04122292440213343
spy_5m,60,499,32,derivative,snap,0.2004013267366161,0.46966151493887864,0.4266930978210896,0.011597615267698536
spy_5m,60,499,32,stratum,structure,0.005728198461984468,0.07085726130534609,0.08084137541387425,0.004906875895240026
spy_5m,60,499,32,stratum,kinematics,0.047593582675766105,0.07069545043819875,0.673219880215233,0.012871930701893963
spy_5m,60,499,32,stratum,geometry,0.04151591438975065,0.06473287043796017,0.6413420895577218,0.015125297341117117
spy_5m,60,499,32,stratum,information,0.021444067089232695,0.05950752187548053,0.3603589330119375,0.0170641938085071
spy_5m,60,499,32,stratum,propagation,0.09976503934916355,0.15247455597947046,0.6543061477260255,0.05722697879592953
spy_5m,60,499,32,stratum,cascade_bias,0.2288970389595868,0.2920688762738093,0.7837091095766053,0.16223571011009036
spy_5m,60,499,32,stratum,scaling_exponent,0.10295389746266714,0.31251994548831286,0.32943144573317246,3.83026943495679e-15
spy_5m,60,499,32,carrier,carrier_price_structure,0.005728198461984468,0.07085726130534609,0.08084137541387425,0.004906875895240026
spy_5m,60,499,32,carrier,carrier_realized_volatility,0.6894377084008372,0.32705388211467834,2.1080248427049475,0.5229973402174686
spy_5m,60,499,32,carrier,carrier_participation,0.15032989736041155,0.3984192425496231,0.3773158555254469,0.10452987087964227
spy_5m,60,499,32,carrier,carrier_liquidity_stress,0.0007710619607481598,0.0004200212863365582,1.8357687713244055,0.0005555763842891581
spy_5m,60,499,32,carrier_ratio,ratio_realized_volatility,2.0147032818770834,0.37881618643831894,5.318419207002732,1.068638855025997
spy_5m,60,499,32,carrier_ratio,ratio_participation,0.21944024869842932,0.4551866989181348,0.48208844682848606,0.1237894232816188
spy_5m,60,499,32,carrier_ratio,ratio_liquidity_stress,0.0007711566643786721,0.0004200216599141715,1.8359926117530525,0.0005558579864144431
spy_5m,96,499,32,derivative,pressure,0.003995481392383684,0.0992279377303526,0.040265690124904364,0.0009308691267191568
spy_5m,96,499,32,derivative,velocity,0.04089603685079453,0.7498099465644188,0.05454187029416928,0.002182496406368639
spy_5m,96,499,32,derivative,acceleration,0.047231170556200325,0.4372221476299743,0.1080255673511136,0.0010708751613074663
spy_5m,96,499,32,derivative,jerk,0.03987772156721924,0.45164375084863917,0.08829463817951418,0.009129223335981762
spy_5m,96,499,32,derivative,snap,0.03663802834261182,0.46966151493887864,0.07800943270257062,0.0022627017689357265
spy_5m,96,499,32,stratum,structure,0.001544586582466997,0.07085726130534609,0.021798564522708418,0.00078333179328538
spy_5m,96,499,32,stratum,kinematics,0.006708821072699017,0.07069545043819875,0.0948974938431689,0.0017802145849947215
spy_5m,96,499,32,stratum,geometry,0.00532435175877145,0.06473287043796017,0.08225113026424954,0.0005293473385213909
spy_5m,96,499,32,stratum,information,0.010561824561024434,0.05950752187548053,0.177487218895202,0.002534371759444598
spy_5m,96,499,32,stratum,propagation,0.027528995211495218,0.15247455597947046,0.1805481251258852,0.032696718741212605
spy_5m,96,499,32,stratum,cascade_bias,0.04997628093141838,0.2920688762738093,0.17111128569744116,0.01839949876571695
spy_5m,96,499,32,stratum,scaling_exponent,5.8538243696837355e-15,0.31251994548831286,1.8731042463664604e-14,3.83026943495679e-15
spy_5m,96,499,32,carrier,carrier_price_structure,0.001544586582466997,0.07085726130534609,0.021798564522708418,0.00078333179328538
spy_5m,96,499,32,carrier,carrier_realized_volatility,0.47338107064760504,0.32705388211467834,1.4474100340494307,0.38214466550145193
spy_5m,96,499,32,carrier,carrier_participation,0.18250792568646745,0.3984192425496231,0.4580800980357672,0.1305044917173197
spy_5m,96,499,32,carrier,carrier_liquidity_stress,0.00032025140970176787,0.0004200212863365582,0.7624647133839643,0.00022763016684723691
spy_5m,96,499,32,carrier_ratio,ratio_realized_volatility,0.6444255806261877,0.37881618643831894,1.7011564016975205,0.4913751660817214
spy_5m,96,499,32,carrier_ratio,ratio_participation,0.2832292568906022,0.4551866989181348,0.6222265667335347,0.15690172024276294
spy_5m,96,499,32,carrier_ratio,ratio_liquidity_stress,0.00032021674378977794,0.0004200216599141715,0.7623815015997317,0.00022771173265545563
spy_5m,128,499,32,derivative,pressure,0.00017084706920323913,0.0992279377303526,0.0017217637805545072,4.4348693359133606e-05
spy_5m,128,499,32,derivative,velocity,0.0017576278120488105,0.7498099465644188,0.0023440977545071905,0.00015672191159316062
spy_5m,128,499,32,derivative,acceleration,0.0019482565309257513,0.4372221476299743,0.004455987743270913,0.00026345178621131615
spy_5m,128,499,32,derivative,jerk,0.0018656289793689787,0.45164375084863917,0.004130753444199016,0.000662101319362729
spy_5m,128,499,32,derivative,snap,0.0017078643249587916,0.46966151493887864,0.003636372729370963,0.00025175400736510145
spy_5m,128,499,32,stratum,structure,9.1848636966093e-05,0.07085726130534609,0.0012962487580530176,4.1320844683334634e-05
spy_5m,128,499,32,stratum,kinematics,0.0003899034566001037,0.07069545043819875,0.005515255284227283,0.0001111334449740431
spy_5m,128,499,32,stratum,geometry,0.0002530690993337928,0.06473287043796017,0.003909437317109762,0.00020135395016834812
spy_5m,128,499,32,stratum,information,0.000996798870243244,0.05950752187548053,0.016750804584486734,1.8083844345873068e-05
spy_5m,128,499,32,stratum,propagation,0.0016415053550298247,0.15247455597947046,0.010765765766524618,0.003046912537979174
spy_5m,128,499,32,stratum,cascade_bias,0.002210120660644855,0.2920688762738093,0.007567121457244581,0.002500869861341737
spy_5m,128,499,32,stratum,scaling_exponent,5.8538243696837355e-15,0.31251994548831286,1.8731042463664604e-14,3.83026943495679e-15
spy_5m,128,499,32,carrier,carrier_price_structure,9.1848636966093e-05,0.07085726130534609,0.0012962487580530176,4.1320844683334634e-05
spy_5m,128,499,32,carrier,carrier_realized_volatility,0.16385550746218397,0.32705388211467834,0.5010046246897311,0.1635031798451429
spy_5m,128,499,32,carrier,carrier_participation,0.049117002377576914,0.3984192425496231,0.12327969418158662,0.034676043127927214
spy_5m,128,499,32,carrier,carrier_liquidity_stress,0.0002072964675150276,0.0004200212863365582,0.4935380045213312,0.00014734654945891545
spy_5m,128,499,32,carrier_ratio,ratio_realized_volatility,0.1913592564452148,0.37881618643831894,0.5051506859947048,0.16675024585666365
spy_5m,128,499,32,carrier_ratio,ratio_participation,0.06924323869771894,0.4551866989181348,0.1521205229904407,0.03846007084305192
spy_5m,128,499,32,carrier_ratio,ratio_liquidity_stress,0.00020726125942522808,0.0004200216599141715,0.4934537410941628,0.0001473913922103165
spy_5m,192,499,32,derivative,pressure,7.287863269080685e-05,0.0992279377303526,0.000734456790675739,1.9415025468136338e-05
spy_5m,192,499,32,derivative,velocity,0.0007398317862914767,0.7498099465644188,0.0009866924140995176,6.20883771136338e-05
spy_5m,192,499,32,derivative,acceleration,0.0008428939723660466,0.4372221476299743,0.0019278391475250622,0.00013773523107776797
spy_5m,192,499,32,derivative,jerk,0.0007968726207886185,0.45164375084863917,0.0017643831433320927,0.00030471046261526524
spy_5m,192,499,32,derivative,snap,0.000755943007395532,0.46966151493887864,0.0016095485436866373,0.00011499110237478405
spy_5m,192,499,32,stratum,structure,5.6511215161007475e-05,0.07085726130534609,0.0007975359775405796,2.1642748052719263e-05
spy_5m,192,499,32,stratum,kinematics,0.00017233916526788323,0.07069545043819875,0.0024377688267018032,4.897934914960267e-05
spy_5m,192,499,32,stratum,geometry,0.00013014795563543683,0.06473287043796017,0.0020105389233460664,0.00014427899138158562
spy_5m,192,499,32,stratum,information,4.162081407302169e-05,0.05950752187548053,0.000699421060754525,8.299190254579258e-06
spy_5m,192,499,32,stratum,propagation,0.0007820171683560022,0.15247455597947046,0.005128837157993068,0.0016075809530523566
spy_5m,192,499,32,stratum,cascade_bias,0.0010354022036367593,0.2920688762738093,0.0035450617568237174,0.0011005815117316464
spy_5m,192,499,32,stratum,scaling_exponent,5.859028540111666e-15,0.31251994548831286,1.8747694746192682e-14,4.218847493575595e-15
spy_5m,192,499,32,carrier,carrier_price_structure,5.6511215161007475e-05,0.07085726130534609,0.0007975359775405796,2.1642748052719263e-05
spy_5m,192,499,32,carrier,carrier_realized_volatility,0.03816845766912338,0.32705388211467834,0.11670388200969273,0.0417113034666069
spy_5m,192,499,32,carrier,carrier_participation,0.003096540620594246,0.3984192425496231,0.007772065929291988,0.0023546074767276104
spy_5m,192,499,32,carrier,carrier_liquidity_stress,5.231684789414916e-05,0.0004200212863365582,0.12455761075934678,3.718781027906015e-05
spy_5m,192,499,32,carrier_ratio,ratio_realized_volatility,0.044337166794281006,0.37881618643831894,0.11704137357789553,0.04047129904747904
spy_5m,192,499,32,carrier_ratio,ratio_participation,0.0031753671363338315,0.4551866989181348,0.006975966441640072,0.002517654598360175
spy_5m,192,499,32,carrier_ratio,ratio_liquidity_stress,5.2303781560951446e-05,0.0004200216599141715,0.12452639126191577,3.719714780192618e-05
spy_5m,256,499,32,derivative,pressure,8.4217668851355e-06,0.0992279377303526,8.48729408044463e-05,2.2777246985010435e-06
spy_5m,256,499,32,derivative,velocity,8.385572251382652e-05,0.7498099465644188,0.00011183596976546933,6.48066358305277e-06
spy_5m,256,499,32,derivative,acceleration,9.768952086327675e-05,0.4372221476299743,0.0002234322332315892,1.909788262854928e-05
spy_5m,256,499,32,derivative,jerk,9.199070570716623e-05,0.45164375084863917,0.00020367979305440533,3.729535966445763e-05
spy_5m,256,499,32,derivative,snap,9.149127614051483e-05,0.46966151493887864,0.00019480258277585597,1.399245568001195e-05
spy_5m,256,499,32,stratum,structure,9.214372503335913e-06,0.07085726130534609,0.00013004133004277857,3.1896208374515567e-06
spy_5m,256,499,32,stratum,kinematics,2.0770227244197234e-05,0.07069545043819875,0.0002937986407251816,5.704323902511188e-06
spy_5m,256,499,32,stratum,geometry,2.2857794705062433e-05,0.06473287043796017,0.0003531095492972043,2.5231731409891545e-05
spy_5m,256,499,32,stratum,information,5.514946019287079e-06,0.05950752187548053,9.267645241263956e-05,1.0946881681128673e-06
spy_5m,256,499,32,stratum,propagation,0.00010794735366505964,0.15247455597947046,0.0007079696213681313,0.00022079123815588186
spy_5m,256,499,32,stratum,cascade_bias,0.00013419304359847868,0.2920688762738093,0.0004594568422027793,0.0001287704352604946
spy_5m,256,499,32,stratum,scaling_exponent,5.394122648549882e-15,0.31251994548831286,1.7260090840351188e-14,4.385380947269368e-15
spy_5m,256,499,32,carrier,carrier_price_structure,9.214372503335913e-06,0.07085726130534609,0.00013004133004277857,3.1896208374515567e-06
spy_5m,256,499,32,carrier,carrier_realized_volatility,0.018670046923096557,0.32705388211467834,0.05708553832897199,0.02094712374848362
spy_5m,256,499,32,carrier,carrier_participation,0.000230362527997254,0.3984192425496231,0.0005781912703891614,0.00015913155703350945
spy_5m,256,499,32,carrier,carrier_liquidity_stress,1.3249313920155395e-05,0.0004200212863365582,0.03154438679933681,9.41791752617771e-06
spy_5m,256,499,32,carrier_ratio,ratio_realized_volatility,0.021788523699736786,0.37881618643831894,0.05751740416531679,0.020224246022981007
spy_5m,256,499,32,carrier_ratio,ratio_participation,0.00031512720637769456,0.4551866989181348,0.0006923031958681423,0.00017556285957187612
spy_5m,256,499,32,carrier_ratio,ratio_liquidity_stress,1.3245749323771705e-05,0.0004200216599141715,0.03153587204640442,9.420189602371565e-06
spy_5m,365,499,32,derivative,pressure,2.429014280095769e-08,0.0992279377303526,2.4479136981527366e-07,6.598044929861935e-09
spy_5m,365,499,32,derivative,velocity,2.3730587923485522e-07,0.7498099465644188,3.1648803849852296e-07,1.5844648648677406e-08
spy_5m,365,499,32,derivative,acceleration,2.791510467217359e-07,0.4372221476299743,6.384650188351949e-07,6.720537920612557e-08
spy_5m,365,499,32,derivative,jerk,2.6602118472006213e-07,0.45164375084863917,5.890066766565639e-07,1.1460148252595559e-07
spy_5m,365,499,32,derivative,snap,2.7267850230745273e-07,0.46966151493887864,5.805851525708656e-07,4.275665255182304e-08
spy_5m,365,499,32,stratum,structure,3.745403003366232e-08,0.07085726130534609,5.285842176747589e-07,1.2739313048903966e-08
spy_5m,365,499,32,stratum,kinematics,6.239251680410784e-08,0.07069545043819875,8.825534941410516e-07,1.646759245632623e-08
spy_5m,365,499,32,stratum,geometry,9.710344817028677e-08,0.06473287043796017,1.5000639939696553e-06,1.0873069161698723e-07
spy_5m,365,499,32,stratum,information,1.9545970479303842e-08,0.05950752187548053,3.2846218197766294e-07,4.018797628013715e-09
spy_5m,365,499,32,stratum,propagation,3.9949028056950053e-07,0.15247455597947046,2.6200455413904524e-06,7.631599011626022e-07
spy_5m,365,499,32,stratum,cascade_bias,4.5713349729686143e-07,0.2920688762738093,1.5651564902393334e-06,3.7647146239327967e-07
spy_5m,365,499,32,stratum,scaling_exponent,4.090477956353311e-15,0.31251994548831286,1.3088694067068051e-14,2.609024107869118e-15
spy_5m,365,499,32,carrier,carrier_price_structure,3.745403003366232e-08,0.07085726130534609,5.285842176747589e-07,1.2739313048903966e-08
spy_5m,365,499,32,carrier,carrier_realized_volatility,0.0006815436759643945,0.32705388211467834,0.0020838880479193264,0.0007632240173768845
spy_5m,365,499,32,carrier,carrier_participation,0.0001057782229582898,0.3984192425496231,0.00026549476446312737,7.421135451074479e-05
spy_5m,365,499,32,carrier,carrier_liquidity_stress,1.3242151058537321e-06,0.0004200212863365582,0.003152733323121757,9.412859559576603e-07
spy_5m,365,499,32,carrier_ratio,ratio_realized_volatility,0.0007957653727255903,0.37881618643831894,0.002100663596789472,0.0007349141486152622
spy_5m,365,499,32,carrier_ratio,ratio_participation,0.00014018435335943352,0.4551866989181348,0.000307971110958683,8.141631909619473e-05
spy_5m,365,499,32,carrier_ratio,ratio_liquidity_stress,1.3238481757528453e-06,0.0004200216599141715,0.0031518569209582296,9.415013508817793e-07
spy_15m,60,499,32,derivative,pressure,0.00721953340311592,0.1441699597036828,0.050076544503129934,0.0015789489360921172
spy_15m,60,499,32,derivative,velocity,0.12396638713262749,0.8163108838208365,0.15186173501985986,0.0013642550368166417
spy_15m,60,499,32,derivative,acceleration,0.09510800397536168,0.42872151427801675,0.22184098723276613,0.017162913527230983
spy_15m,60,499,32,derivative,jerk,0.06858027423090615,0.5281986278462263,0.12983803935755742,0.005629421115647959
spy_15m,60,499,32,derivative,snap,0.0737943234006499,0.4916908450041956,0.15008276877723892,0.0022331278098118856
spy_15m,60,499,32,stratum,structure,0.00741535150012624,0.08983515446024626,0.08254398341806905,0.00033124646615212416
spy_15m,60,499,32,stratum,kinematics,0.03706836618999769,0.08098665476449624,0.4577095608874081,0.00015563684843383774
spy_15m,60,499,32,stratum,geometry,0.017730027424012567,0.0712450463874868,0.24885979198585517,0.0057851924228733975
spy_15m,60,499,32,stratum,information,0.0941160606258305,0.10002112429894461,0.9409618346673951,0.0357571866310179
spy_15m,60,499,32,stratum,propagation,0.09001776060369074,0.12846763703061403,0.7007037934560855,0.009914637576837415
spy_15m,60,499,32,stratum,cascade_bias,0.062379977742722525,0.3385340528973711,0.18426500143438582,0.006906372828811125
spy_15m,60,499,32,stratum,scaling_exponent,0.17598446711641988,0.26318000401729913,0.6686847953116234,2.220446049250313e-15
spy_15m,60,499,32,carrier,carrier_price_structure,0.00741535150012624,0.08983515446024626,0.08254398341806905,0.00033124646615212416
spy_15m,60,499,32,carrier,carrier_realized_volatility,0.6688471756081591,0.2746999515228964,2.434828153045416,0.6441597302938318
spy_15m,60,499,32,carrier,carrier_participation,0.10756578146710796,0.1865025905736234,0.5767522109814636,0.06766637921142662
spy_15m,60,499,32,carrier,carrier_liquidity_stress,0.00038549164424792753,0.00019375423352241405,1.9895908194611538,0.00028522529681535014
spy_15m,60,499,32,carrier_ratio,ratio_realized_volatility,1.352266795858771,0.2859791622649155,4.728550098367324,0.7873060197511257
spy_15m,60,499,32,carrier_ratio,ratio_participation,0.11071101253703873,0.1928557736352603,0.5740611776882637,0.07069775571470838
spy_15m,60,499,32,carrier_ratio,ratio_liquidity_stress,0.00038555088148756536,0.0001937491450447748,1.9899488144758821,0.00028526113288673827
spy_15m,96,499,32,derivative,pressure,0.0010029031105866723,0.1441699597036828,0.0069563944711365094,0.0007316174548065851
spy_15m,96,499,32,derivative,velocity,0.007471078566025463,0.8163108838208365,0.009152246667416984,0.0007359111374671823
spy_15m,96,499,32,derivative,acceleration,0.007867293113873727,0.42872151427801675,0.01835059088910559,0.0020660024779218245
spy_15m,96,499,32,derivative,jerk,0.00579084577988813,0.5281986278462263,0.010963386640175087,0.00012249371761902106
spy_15m,96,499,32,derivative,snap,0.008352731918496758,0.4916908450041956,0.016987771896435216,0.002413243696911538
spy_15m,96,499,32,stratum,structure,0.0009299689436886201,0.08983515446024626,0.010351949070228947,0.00054865371161128
spy_15m,96,499,32,stratum,kinematics,0.0011970740668814112,0.08098665476449624,0.014781127463066876,0.00031090030501040866
spy_15m,96,499,32,stratum,geometry,0.002567806287866639,0.0712450463874868,0.03604189228681082,0.0009500222282972648
spy_15m,96,499,32,stratum,information,0.017060552894085007,0.10002112429894461,0.1705694973303257,0.0017968513050639623
spy_15m,96,499,32,stratum,propagation,0.010648052430157626,0.12846763703061403,0.08288509601542822,0.0005601406848170232
spy_15m,96,499,32,stratum,cascade_bias,0.007855020638422049,0.3385340528973711,0.023203044335405015,0.0009940397354237795
spy_15m,96,499,32,stratum,scaling_exponent,1.805847138491856e-15,0.26318000401729913,6.861642643538966e-15,1.9984014443252818e-15
spy_15m,96,499,32,carrier,carrier_price_structure,0.0009299689436886201,0.08983515446024626,0.010351949070228947,0.00054865371161128
spy_15m,96,499,32,carrier,carrier_realized_volatility,0.09715148684503577,0.2746999515228964,0.3536640116113677,0.06549579417133919
spy_15m,96,499,32,carrier,carrier_participation,0.04348404185930431,0.1865025905736234,0.2331551627543674,0.03310004402612948
spy_15m,96,499,32,carrier,carrier_liquidity_stress,0.0001776090221702574,0.00019375423352241405,0.916671697652021,0.00012624574393521604
spy_15m,96,499,32,carrier_ratio,ratio_realized_volatility,0.11423924005366373,0.2859791622649155,0.3994670071375296,0.08403517093915547
spy_15m,96,499,32,carrier_ratio,ratio_participation,0.04584024941760374,0.1928557736352603,0.2376918696989565,0.03307433765886003
spy_15m,96,499,32,carrier_ratio,ratio_liquidity_stress,0.00017761840303938056,0.0001937491450447748,0.9167441900109212,0.00012625152731216005
spy_15m,128,499,32,derivative,pressure,0.00022492652284401685,0.1441699597036828,0.0015601483367708201,0.00016320309890310858
spy_15m,128,499,32,derivative,velocity,0.0013739380395453304,0.8163108838208365,0.0016831063590803251,0.00016392391781366866
spy_15m,128,499,32,derivative,acceleration,0.0012939418380246426,0.42872151427801675,0.003018140669249337,0.0003507171986318891
spy_15m,128,499,32,derivative,jerk,0.0013237534055754938,0.5281986278462263,0.0025061659303682936,0.00011887873881011313
spy_15m,128,499,32,derivative,snap,0.002155341309740224,0.4916908450041956,0.004383529471088348,0.00044883452016902803
spy_15m,128,499,32,stratum,structure,0.00023623419647461272,0.08983515446024626,0.0026296409005357783,0.00015548450017260906
spy_15m,128,499,32,stratum,kinematics,0.00037812296772633466,0.08098665476449624,0.004668954024905596,7.459992993563702e-05
spy_15m,128,499,32,stratum,geometry,0.0005716186205622607,0.0712450463874868,0.008023275294865378,0.0002486739104504143
spy_15m,128,499,32,stratum,information,0.0021163385847124527,0.10002112429894461,0.021158916174418403,0.0015745351523158146
spy_15m,128,499,32,stratum,propagation,0.0025177905941508663,0.12846763703061403,0.01959863707581757,0.00010010705579199808
spy_15m,128,499,32,stratum,cascade_bias,0.0019386460361611878,0.3385340528973711,0.005726590928059168,0.00027141393163965244
spy_15m,128,499,32,stratum,scaling_exponent,1.6445178552260131e-15,0.26318000401729913,6.2486428684677615e-15,1.7763568394002505e-15
spy_15m,128,499,32,carrier,carrier_price_structure,0.00023623419647461272,0.08983515446024626,0.0026296409005357783,0.00015548450017260906
spy_15m,128,499,32,carrier,carrier_realized_volatility,0.04184707790774281,0.2746999515228964,0.15233740550643973,0.027526171488240936
spy_15m,128,499,32,carrier,carrier_participation,0.010354406037415281,0.1865025905736234,0.055518832234814436,0.007491084427284189
spy_15m,128,499,32,carrier,carrier_liquidity_stress,8.15468080937725e-05,0.00019375423352241405,0.4208775550926939,5.7964963717849205e-05
spy_15m,128,499,32,carrier_ratio,ratio_realized_volatility,0.0503094392671048,0.2859791622649155,0.1759199476936046,0.03748135847423373
spy_15m,128,499,32,carrier_ratio,ratio_participation,0.010539937053592002,0.1928557736352603,0.05465191347356665,0.007517004208512756
spy_15m,128,499,32,carrier_ratio,ratio_liquidity_stress,8.154700921629218e-05,0.0001937491450447748,0.42088964675145757,5.796566506877099e-05
spy_15m,192,499,32,derivative,pressure,2.235810967880638e-05,0.1441699597036828,0.0001550816114866074,1.57403783442589e-05
spy_15m,192,499,32,derivative,velocity,0.00015784223722283344,0.8163108838208365,0.00019336044679942865,1.4344920067743683e-05
spy_15m,192,499,32,derivative,acceleration,0.0001526729982525781,0.42872151427801675,0.0003561122854067289,1.4753106884479728e-05
spy_15m,192,499,32,derivative,jerk,0.00015808062948102644,0.5281986278462263,0.0002992825447608854,2.7583848860868176e-05
spy_15m,192,499,32,derivative,snap,0.000264314981832131,0.4916908450041956,0.0005375633581908071,3.2732642566868364e-05
spy_15m,192,499,32,stratum,structure,3.0770638523861665e-05,0.08983515446024626,0.00034252335523593107,2.515395277924437e-05
spy_15m,192,499,32,stratum,kinematics,4.280528933734741e-05,0.08098665476449624,0.0005285474435488454,6.7956993837769986e-06
spy_15m,192,499,32,stratum,geometry,8.934268967308e-05,0.0712450463874868,0.0012540196715876066,2.73702973315193e-05
spy_15m,192,499,32,stratum,information,1.1458185672758199e-05,0.10002112429894461,0.00011455765722560572,5.041591461363293e-06
spy_15m,192,499,32,stratum,propagation,0.0004074419872523126,0.12846763703061403,0.003171553526396835,8.118442387350377e-06
spy_15m,192,499,32,stratum,cascade_bias,0.00039833658217746813,0.3385340528973711,0.001176651443978153,3.184813499967909e-05
spy_15m,192,499,32,stratum,scaling_exponent,4.0072112295064244e-16,0.26318000401729913,1.5226123445317015e-15,1.5543122344752192e-15
spy_15m,192,499,32,carrier,carrier_price_structure,3.0770638523861665e-05,0.08983515446024626,0.00034252335523593107,2.515395277924437e-05
spy_15m,192,499,32,carrier,carrier_realized_volatility,0.009388321666093371,0.2746999515228964,0.03417664114626118,0.006113886304357108
spy_15m,192,499,32,carrier,carrier_participation,0.05741885223273167,0.1865025905736234,0.30787160680250775,0.04183284389177391
spy_15m,192,499,32,carrier,carrier_liquidity_stress,1.760669723587481e-05,0.00019375423352241405,0.09087129047860529,1.2515305540916621e-05
spy_15m,192,499,32,carrier_ratio,ratio_realized_volatility,0.011537941450340662,0.2859791622649155,0.04034539215711298,0.008680659702934856
spy_15m,192,499,32,carrier_ratio,ratio_participation,0.05873373734596461,0.1928557736352603,0.30454746694306994,0.042953777149796646
spy_15m,192,499,32,carrier_ratio,ratio_liquidity_stress,1.7606111998285517e-05,0.0001937491450447748,0.09087065645743521,1.2515199077411943e-05
spy_15m,256,499,32,derivative,pressure,5.983910028334197e-07,0.1441699597036828,4.150594229639185e-06,4.1329791017341577e-07
spy_15m,256,499,32,derivative,velocity,4.38106928693548e-06,0.8163108838208365,5.366912745827158e-06,4.4397988530064936e-07
spy_15m,256,499,32,derivative,acceleration,4.2363724567590294e-06,0.42872151427801675,9.881408596657999e-06,6.140404174015401e-08
spy_15m,256,499,32,derivative,jerk,4.4412878360910015e-06,0.5281986278462263,8.408366856613621e-06,9.972635050536915e-07
spy_15m,256,499,32,derivative,snap,7.390251657371505e-06,0.4916908450041956,1.5030281186765729e-05,6.778092001002989e-07
spy_15m,256,499,32,stratum,structure,9.456910494143322e-07,0.08983515446024626,1.052695968628649e-05,8.245548880903009e-07
spy_15m,256,499,32,stratum,kinematics,1.5893770146553632e-06,0.08098665476449624,1.9625171817223036e-05,1.835615231482457e-07
spy_15m,256,499,32,stratum,geometry,3.0450129938110193e-06,0.0712450463874868,4.273999594652286e-05,3.7480054049243705e-07
spy_15m,256,499,32,stratum,information,3.2552247977019055e-07,0.10002112429894461,3.2545372995134924e-06,2.0367121406072997e-07
spy_15m,256,499,32,stratum,propagation,1.3602770376680562e-05,0.12846763703061403,0.0001058848025159753,2.7512694711351315e-07
spy_15m,256,499,32,stratum,cascade_bias,1.3752382389484456e-05,0.3385340528973711,4.0623335442279965e-05,9.616472742557391e-07
spy_15m,256,499,32,stratum,scaling_exponent,4.0072112295064244e-16,0.26318000401729913,1.5226123445317015e-15,1.5543122344752192e-15
spy_15m,256,499,32,carrier,carrier_price_structure,9.456910494143322e-07,0.08983515446024626,1.052695968628649e-05,8.245548880903009e-07
spy_15m,256,499,32,carrier,carrier_realized_volatility,0.0036293440271530286,0.2746999515228964,0.013212030096956609,0.0023543880237341386
spy_15m,256,499,32,carrier,carrier_participation,0.002691381729165101,0.1865025905736234,0.014430800778087083,0.001940426984700816
spy_15m,256,499,32,carrier,carrier_liquidity_stress,4.998343472653946e-06,0.00019375423352241405,0.02579733811119912,3.5529604957562633e-06
spy_15m,256,499,32,carrier_ratio,ratio_realized_volatility,0.00447876659800768,0.2859791622649155,0.015661164130059222,0.003371831717426832
spy_15m,256,499,32,carrier_ratio,ratio_participation,0.0027317678008324034,0.1928557736352603,0.014164822495793549,0.0019497238818232399
spy_15m,256,499,32,carrier_ratio,ratio_liquidity_stress,4.998149560436066e-06,0.0001937491450447748,0.025797014790857577,3.5529122922595135e-06
spy_15m,365,499,32,derivative,pressure,1.6148485176188947e-08,0.1441699597036828,1.1201005541916952e-07,1.0956925408645013e-08
spy_15m,365,499,32,derivative,velocity,1.1964188516375845e-07,0.8163108838208365,1.4656411856688828e-07,1.4683080362676293e-08
spy_15m,365,499,32,derivative,acceleration,1.1730881444395932e-07,0.42872151427801675,2.736247436555914e-07,7.80476461237356e-09
spy_15m,365,499,32,derivative,jerk,1.256219968914004e-07,0.5281986278462263,2.378309792352822e-07,3.590943076225983e-08
spy_15m,365,499,32,derivative,snap,2.0372537841274285e-07,0.4916908450041956,4.143363263373441e-07,1.1068340854958336e-08
spy_15m,365,499,32,stratum,structure,3.0060815463597845e-08,0.08983515446024626,3.346219600134413e-07,2.6570306455031556e-08
spy_15m,365,499,32,stratum,kinematics,4.761060565412756e-08,0.08098665476449624,5.878821120908872e-07,5.171005235116155e-09
spy_15m,365,499,32,stratum,geometry,1.0282237078093615e-07,0.0712450463874868,1.4432213324938682e-06,1.3485071614915967e-08
spy_15m,365,499,32,stratum,information,8.894413377688593e-09,0.10002112429894461,8.892534892034246e-08,7.3647567488954735e-09
spy_15m,365,499,32,stratum,propagation,4.469267862600157e-07,0.12846763703061403,3.4789056340587347e-06,8.510029014807685e-09
spy_15m,365,499,32,stratum,cascade_bias,4.5362740453314294e-07,0.3385340528973711,1.3399757000831558e-06,3.053165098521049e-08
spy_15m,365,499,32,stratum,scaling_exponent,4.0072112295064244e-16,0.26318000401729913,1.5226123445317015e-15,1.5543122344752192e-15
spy_15m,365,499,32,carrier,carrier_price_structure,3.0060815463597845e-08,0.08983515446024626,3.346219600134413e-07,2.6570306455031556e-08
spy_15m,365,499,32,carrier,carrier_realized_volatility,0.0005005187625701192,0.2746999515228964,0.001822056246443861,0.00032134099181448106
spy_15m,365,499,32,carrier,carrier_participation,0.0004463730450791582,0.1865025905736234,0.002393387907944093,0.000321160392833586
spy_15m,365,499,32,carrier,carrier_liquidity_stress,6.816948508233528e-07,0.00019375423352241405,0.003518348159058379,4.845671996434042e-07
spy_15m,365,499,32,carrier_ratio,ratio_realized_volatility,0.0006187724953949994,0.2859791622649155,0.002163697839011789,0.0004643510586388455
spy_15m,365,499,32,carrier_ratio,ratio_participation,0.0004527557641592836,0.1928557736352603,0.002347639148286848,0.0003230820564046333
spy_15m,365,499,32,carrier_ratio,ratio_liquidity_stress,6.816692522185197e-07,0.0001937491450447748,0.003518308439817828,4.845584362644928e-07
spy_30m,60,499,32,derivative,pressure,0.02727233746701997,0.13408976789851182,0.20338865443977436,0.004347609957194038
spy_30m,60,499,32,derivative,velocity,0.2253094647751703,0.727289005729431,0.309793579993963,0.02845567721491299
spy_30m,60,499,32,derivative,acceleration,0.1758757637375148,0.44710957019760567,0.39336166224262276,0.09340869008712732
spy_30m,60,499,32,derivative,jerk,0.18607242477991737,0.4838387985093829,0.38457524562555095,0.21606828476698742
spy_30m,60,499,32,derivative,snap,0.17946274314762098,0.49109427813093753,0.36543440056080617,0.1895017318060136
spy_30m,60,499,32,stratum,structure,0.030346474087206348,0.07036226826722053,0.43128902513428174,0.0017904775001714168
spy_30m,60,499,32,stratum,kinematics,0.04447857231483647,0.09028919014720116,0.49262344963247234,0.012495993067297206
spy_30m,60,499,32,stratum,geometry,0.0328703550068189,0.06020998125426208,0.5459286703314179,0.0252135228088341
spy_30m,60,499,32,stratum,information,0.06038796884431862,0.11040141781563195,0.5469854467373351,0.014269188825089152
spy_30m,60,499,32,stratum,propagation,0.08568734835805078,0.1399658664963015,0.6122017496338296,0.014373100494867064
spy_30m,60,499,32,stratum,cascade_bias,0.20796858387107436,0.2869876404129391,0.7246604194237555,0.03424721177078538
spy_30m,60,499,32,stratum,scaling_exponent,0.04586831284492872,0.23554244553034565,0.19473480773986176,0.0
spy_30m,60,499,32,carrier,carrier_price_structure,0.030346474087206348,0.07036226826722053,0.43128902513428174,0.0017904775001714168
spy_30m,60,499,32,carrier,carrier_realized_volatility,0.31665007908271414,0.27112729420964043,1.1679018890583355,0.3129095188118856
spy_30m,60,499,32,carrier,carrier_participation,0.06790822522811868,0.14357380496728084,0.47298478467986793,0.04131554893000483
spy_30m,60,499,32,carrier,carrier_liquidity_stress,0.00023519780446108057,0.00016662163164959942,1.4115682467669919,0.00017110785957508146
spy_30m,60,499,32,carrier_ratio,ratio_realized_volatility,0.8631665905201495,0.28410689067246486,3.038175485561379,0.36380783017429774
spy_30m,60,499,32,carrier_ratio,ratio_participation,0.08418062222103512,0.14153323983270905,0.5947763389048101,0.04074639204312991
spy_30m,60,499,32,carrier_ratio,ratio_liquidity_stress,0.00023523398869969292,0.0001666222338341239,1.4117803085863891,0.0001711235494621377
spy_30m,96,499,32,derivative,pressure,0.0023757681834197086,0.13408976789851182,0.01771774402069105,0.0014057039771566207
spy_30m,96,499,32,derivative,velocity,0.008378357831014581,0.727289005729431,0.011519984167245244,0.0018607772344476636
spy_30m,96,499,32,derivative,acceleration,0.007468977766035207,0.44710957019760567,0.01670502772448865,0.027534134788918196
spy_30m,96,499,32,derivative,jerk,0.013150228496321994,0.4838387985093829,0.027178945832445425,0.028155004924656724
spy_30m,96,499,32,derivative,snap,0.0165547191315377,0.49109427813093753,0.033709859529505275,0.014172113615635862
spy_30m,96,499,32,stratum,structure,0.002296016405193616,0.07036226826722053,0.03263135856385197,0.0009865835612671292
spy_30m,96,499,32,stratum,kinematics,0.0035848030930669544,0.09028919014720116,0.03970356902329662,0.00605951138971994
spy_30m,96,499,32,stratum,geometry,0.003411723263115521,0.06020998125426208,0.0566637489672697,0.0008833945082220573
spy_30m,96,499,32,stratum,information,0.013282740031530925,0.11040141781563195,0.12031312907333148,0.0006990220894940169
spy_30m,96,499,32,stratum,propagation,0.01209931863412025,0.1399658664963015,0.08644478069544168,0.0019545640436832157
spy_30m,96,499,32,stratum,cascade_bias,0.020048739006119545,0.2869876404129391,0.06985924194251687,6.15181738176096e-05
spy_30m,96,499,32,stratum,scaling_exponent,1.5439038936193583e-16,0.23554244553034565,6.55467378774605e-16,0.0
spy_30m,96,499,32,carrier,carrier_price_structure,0.002296016405193616,0.07036226826722053,0.03263135856385197,0.0009865835612671292
spy_30m,96,499,32,carrier,carrier_realized_volatility,0.2002650972155593,0.27112729420964043,0.7386386449927493,0.1653143024862705
spy_30m,96,499,32,carrier,carrier_participation,0.2532538338095717,0.14357380496728084,1.763927854856852,0.15694928971927213
spy_30m,96,499,32,carrier,carrier_liquidity_stress,0.00012385995822728618,0.00016662163164959942,0.7433606129110545,8.803743174790046e-05
spy_30m,96,499,32,carrier_ratio,ratio_realized_volatility,0.36248309504708254,0.28410689067246486,1.2758687203576993,0.17416096957951877
spy_30m,96,499,32,carrier_ratio,ratio_participation,0.25767942569175306,0.14153323983270905,1.8206283272843022,0.16241088575394347
spy_30m,96,499,32,carrier_ratio,ratio_liquidity_stress,0.00012387207729744332,0.0001666222338341239,0.7434306601648415,8.804187679167796e-05
spy_30m,128,499,32,derivative,pressure,0.00027922240625294185,0.13408976789851182,0.0020823543110632886,0.00016492829153923194
spy_30m,128,499,32,derivative,velocity,0.001074180610796082,0.727289005729431,0.0014769652811109633,0.0003193624170282905
spy_30m,128,499,32,derivative,acceleration,0.0008427353104520044,0.44710957019760567,0.0018848518721698287,0.0025668331957761636
spy_30m,128,499,32,derivative,jerk,0.0009828883314107607,0.4838387985093829,0.0020314376078124706,0.0011911024594210007
spy_30m,128,499,32,derivative,snap,0.0010468008196282145,0.49109427813093753,0.002131567941724445,5.809657704980431e-05
spy_30m,128,499,32,stratum,structure,0.0003216549285760574,0.07036226826722053,0.004571412157358006,0.00014200098120620286
spy_30m,128,499,32,stratum,kinematics,0.0003717424745217444,0.09028919014720116,0.004117242317886355,0.0006770043032405804
spy_30m,128,499,32,stratum,geometry,0.0004775217231562153,0.06020998125426208,0.007930939575278692,0.00012110848222829373
spy_30m,128,499,32,stratum,information,0.002897977386076927,0.11040141781563195,0.02624945805421166,0.006904202674291038
spy_30m,128,499,32,stratum,propagation,0.001904918230503247,0.1399658664963015,0.013609877023506894,0.00045837874611942553
spy_30m,128,499,32,stratum,cascade_bias,0.0027831887082071516,0.2869876404129391,0.00969793927084279,2.6684208391691833e-05
spy_30m,128,499,32,stratum,scaling_exponent,1.960237527853792e-16,0.23554244553034565,8.322226269834873e-16,0.0
spy_30m,128,499,32,carrier,carrier_price_structure,0.0003216549285760574,0.07036226826722053,0.004571412157358006,0.00014200098120620286
spy_30m,128,499,32,carrier,carrier_realized_volatility,0.13485762912219124,0.27112729420964043,0.4973959907478622,0.1030579050105756
spy_30m,128,499,32,carrier,carrier_participation,0.04216353404058768,0.14357380496728084,0.2936714956478054,0.02900862147434119
spy_30m,128,499,32,carrier,carrier_liquidity_stress,6.965617826461962e-05,0.00016662163164959942,0.4180500309293849,4.951079551629434e-05
spy_30m,128,499,32,carrier_ratio,ratio_realized_volatility,0.20957181507727973,0.28410689067246486,0.737651292375328,0.10592949873340518
spy_30m,128,499,32,carrier_ratio,ratio_participation,0.05012585328640841,0.14153323983270905,0.354163116351019,0.028733804284466036
spy_30m,128,499,32,carrier_ratio,ratio_liquidity_stress,6.966103634721554e-05,0.0001666222338341239,0.41807767633558823,4.951234035921459e-05
spy_30m,192,499,32,derivative,pressure,4.483707962432862e-05,0.13408976789851182,0.0003343810667064794,2.829063225918277e-05
spy_30m,192,499,32,derivative,velocity,0.00018005896094268987,0.727289005729431,0.0002475755298433263,7.859678830901551e-05
spy_30m,192,499,32,derivative,acceleration,0.00016093493319306102,0.44710957019760567,0.00035994517657480206,0.00027104568938912665
spy_30m,192,499,32,derivative,jerk,0.0001564906052354365,0.4838387985093829,0.00032343542046969954,0.0002163148629868994
spy_30m,192,499,32,derivative,snap,0.00017879673766292993,0.49109427813093753,0.0003640782343125945,3.8583541262293686e-05
spy_30m,192,499,32,stratum,structure,7.081259341718514e-05,0.07036226826722053,0.0010064000942700479,3.485551981496915e-05
spy_30m,192,499,32,stratum,kinematics,5.891719642044796e-05,0.09028919014720116,0.000652538762662435,9.335591893167017e-05
spy_30m,192,499,32,stratum,geometry,0.00016742249323332958,0.06020998125426208,0.002780643503712738,0.00011031380405579494
spy_30m,192,499,32,stratum,information,0.0009747621030198987,0.11040141781563195,0.008829253485201893,2.3358482987401175e-05
spy_30m,192,499,32,stratum,propagation,0.0006547471903147889,0.1399658664963015,0.00467790616887361,0.00012241830397741182
spy_30m,192,499,32,stratum,cascade_bias,0.0007969071859286902,0.2869876404129391,0.0027767996725644385,1.1544926556916746e-05
spy_30m,192,499,32,stratum,scaling_exponent,9.194034422677078e-17,0.23554244553034565,3.903345064612816e-16,0.0
spy_30m,192,499,32,carrier,carrier_price_structure,7.081259341718514e-05,0.07036226826722053,0.0010064000942700479,3.485551981496915e-05
spy_30m,192,499,32,carrier,carrier_realized_volatility,0.043156108335405056,0.27112729420964043,0.1591728655029323,0.030245152189692925
spy_30m,192,499,32,carrier,carrier_participation,0.01978915164222047,0.14357380496728084,0.13783260565344937,0.013387078266822783
spy_30m,192,499,32,carrier,carrier_liquidity_stress,2.179689823193255e-05,0.00016662163164959942,0.13081673739560307,1.5493099728591808e-05
spy_30m,192,499,32,carrier_ratio,ratio_realized_volatility,0.0575525092872195,0.28410689067246486,0.20257343688847526,0.030592526888301164
spy_30m,192,499,32,carrier_ratio,ratio_participation,0.02300791056293308,0.14153323983270905,0.16256188715900388,0.013240380273255581
spy_30m,192,499,32,carrier_ratio,ratio_liquidity_stress,2.1797881040643702e-05,0.0001666222338341239,0.1308221630394415,1.549332300077033e-05
spy_30m,256,499,32,derivative,pressure,2.0900552845553645e-06,0.13408976789851182,1.558698562396841e-05,1.3718667724177402e-06
spy_30m,256,499,32,derivative,velocity,8.606287447465982e-06,0.727289005729431,1.1833380375156843e-05,4.727569849927171e-06
spy_30m,256,499,32,derivative,acceleration,7.798693646131143e-06,0.44710957019760567,1.744246637951501e-05,2.1840615981871814e-06
spy_30m,256,499,32,derivative,jerk,7.175015599614426e-06,0.4838387985093829,1.4829351473505868e-05,8.75899264562996e-06
spy_30m,256,499,32,derivative,snap,8.277081264669692e-06,0.49109427813093753,1.685436306888272e-05,2.5068160315333543e-06
spy_30m,256,499,32,stratum,structure,4.023120979228939e-06,0.07036226826722053,5.717724965815491e-05,2.168120870504886e-06
spy_30m,256,499,32,stratum,kinematics,2.4951077763121082e-06,0.09028919014720116,2.763462350525306e-05,2.3688007663169586e-06
spy_30m,256,499,32,stratum,geometry,1.143560371116327e-05,0.06020998125426208,0.00018992870406106925,8.462637402006923e-06
spy_30m,256,499,32,stratum,information,8.529734603131972e-07,0.11040141781563195,7.726109656831082e-06,1.381576227588166e-06
spy_30m,256,499,32,stratum,propagation,4.6557688856752044e-05,0.1399658664963015,0.00033263602063994866,7.674078155495145e-06
spy_30m,256,499,32,stratum,cascade_bias,5.0548730913895466e-05,0.2869876404129391,0.00017613556751490134,8.893123137898584e-07
spy_30m,256,499,32,stratum,scaling_exponent,1.1796119636642288e-16,0.23554244553034565,5.00806536591833e-16,0.0
spy_30m,256,499,32,carrier,carrier_price_structure,4.023120979228939e-06,0.07036226826722053,5.717724965815491e-05,2.168120870504886e-06
spy_30m,256,499,32,carrier,carrier_realized_volatility,0.011332531060609486,0.27112729420964043,0.04179782450027688,0.007738329048503856
spy_30m,256,499,32,carrier,carrier_participation,0.004908003490263746,0.14357380496728084,0.03418453311439531,0.0032862031658186797
spy_30m,256,499,32,carrier,carrier_liquidity_stress,4.530749304865536e-06,0.00016662163164959942,0.02719184333996665,3.220438353213062e-06
spy_30m,256,499,32,carrier_ratio,ratio_realized_volatility,0.01450064826403102,0.28410689067246486,0.05103941065881511,0.007817426141394246
spy_30m,256,499,32,carrier_ratio,ratio_participation,0.005630778317934758,0.14153323983270905,0.03978414063431519,0.003251707108955615
spy_30m,256,499,32,carrier_ratio,ratio_liquidity_stress,4.530909315340892e-06,0.0001666222338341239,0.02719270538559405,3.220462789554901e-06
spy_30m,365,499,32,derivative,pressure,2.243084149252208e-08,0.13408976789851182,1.6728227547906007e-07,1.5410674954891013e-08
spy_30m,365,499,32,derivative,velocity,9.45739265542471e-08,0.727289005729431,1.3003623842683367e-07,6.410191000227883e-08
spy_30m,365,499,32,derivative,acceleration,9.540958742417643e-08,0.44710957019760567,2.1339195978741625e-07,1.2311957475752422e-07
spy_30m,365,499,32,derivative,jerk,9.24123868268744e-08,0.4838387985093829,1.909982975974224e-07,7.01728404273183e-08
spy_30m,365,499,32,derivative,snap,9.668788052423667e-08,0.49109427813093753,1.968825230304503e-07,3.2663218463291344e-08
spy_30m,365,499,32,stratum,structure,5.407968776439953e-08,0.07036226826722053,7.685893177720861e-07,3.2556242923753587e-08
spy_30m,365,499,32,stratum,kinematics,2.837748040544763e-08,0.09028919014720116,3.142954362441725e-07,4.391491281729998e-09
spy_30m,365,499,32,stratum,geometry,1.8924844104144245e-07,0.06020998125426208,3.143140673674369e-06,1.0297623426192004e-07
spy_30m,365,499,32,stratum,information,1.3625155129148858e-08,0.11040141781563195,1.2341467527077034e-07,1.93073274590283e-08
spy_30m,365,499,32,stratum,propagation,7.637232045665243e-07,0.1399658664963015,5.456496099259352e-06,1.0748124490422839e-07
spy_30m,365,499,32,stratum,cascade_bias,7.826256824447183e-07,0.2869876404129391,2.7270361933308987e-06,1.658636100687616e-08
spy_30m,365,499,32,stratum,scaling_exponent,5.898059818321144e-17,0.23554244553034565,2.504032682959165e-16,0.0
spy_30m,365,499,32,carrier,carrier_price_structure,5.407968776439953e-08,0.07036226826722053,7.685893177720861e-07,3.2556242923753587e-08
spy_30m,365,499,32,carrier,carrier_realized_volatility,0.0011590796285622443,0.27112729420964043,0.004275038527349531,0.0007843812502527636
spy_30m,365,499,32,carrier,carrier_participation,0.00022503725505533013,0.14357380496728084,0.0015673977234678296,0.00015054642913348015
spy_30m,365,499,32,carrier,carrier_liquidity_stress,4.890445267236726e-07,0.00016662163164959942,0.00293506024327093,3.4761107892133936e-07
spy_30m,365,499,32,carrier_ratio,ratio_realized_volatility,0.0014646874412835124,0.28410689067246486,0.005155409774879731,0.0007926541562308653
spy_30m,365,499,32,carrier_ratio,ratio_participation,0.00025729723742758115,0.14153323983270905,0.001817927984491163,0.0001487662998332917
spy_30m,365,499,32,carrier_ratio,ratio_liquidity_stress,4.890608992294543e-07,0.0001666222338341239,0.0029351478969866962,3.476132821589317e-07
spy_1h,60,499,32,derivative,pressure,0.01704000285654195,0.1698320239862336,0.1003344508096023,0.0034085787494958393
spy_1h,60,499,32,derivative,velocity,0.08336662368912914,0.7568247511728134,0.11015314121259916,0.0011001727629110225
spy_1h,60,499,32,derivative,acceleration,0.08846023168745834,0.5071402917637902,0.17442950821320327,0.004165022864335066
spy_1h,60,499,32,derivative,jerk,0.13136028480920486,0.5346812308166181,0.24567962598683038,0.00484704144818654
spy_1h,60,499,32,derivative,snap,0.1444819993788714,0.4912383880931521,0.29411789241412806,0.005038040744348271
spy_1h,60,499,32,stratum,structure,0.0025707863365438,0.11156743550185855,0.023042443567692965,0.0005659465780434858
spy_1h,60,499,32,stratum,kinematics,0.03589874898031979,0.08631579294788716,0.4159001238857126,0.004522895698579721
spy_1h,60,499,32,stratum,geometry,0.04284217297354802,0.05116028029788705,0.8374108336407498,0.0006257676610821328
spy_1h,60,499,32,stratum,information,0.13337303072814075,0.12515132446394683,1.0656941210922812,0.02228713896830342
spy_1h,60,499,32,stratum,propagation,0.07389799215077117,0.1465271316333534,0.5043297533161433,0.0037397275984151213
spy_1h,60,499,32,stratum,cascade_bias,0.06292253519552213,0.25597043076320924,0.2458195464527304,0.04567346486385293
spy_1h,60,499,32,stratum,scaling_exponent,0.14917529087701992,0.2673089994450607,0.5580631074401201,0.0
spy_1h,60,499,32,carrier,carrier_price_structure,0.0025707863365438,0.11156743550185855,0.023042443567692965,0.0005659465780434858
spy_1h,60,499,32,carrier,carrier_realized_volatility,0.5691614843864119,0.2828283350403907,2.012392019721539,0.4504295919420465
spy_1h,60,499,32,carrier,carrier_participation,0.1645262855894922,0.12448121673910745,1.3216956734469647,0.11377639251833982
spy_1h,60,499,32,carrier,carrier_liquidity_stress,0.0002205093780418537,9.318667012675474e-05,2.366318892411453,0.00015985483558828006
spy_1h,60,499,32,carrier_ratio,ratio_realized_volatility,1.7233487505135114,0.29691515336192276,5.80417917711612,0.8427574996849306
spy_1h,60,499,32,carrier_ratio,ratio_participation,0.17597876300272502,0.12239306901256064,1.4378164092336398,0.11454299194270112
spy_1h,60,499,32,carrier_ratio,ratio_liquidity_stress,0.00022053730580417,9.318723424800446e-05,2.366604262738838,0.00015986537616430319
spy_1h,96,499,32,derivative,pressure,0.0028662013700996958,0.1698320239862336,0.016876683812777425,0.0007925285973227406
spy_1h,96,499,32,derivative,velocity,0.0088261716700915,0.7568247511728134,0.011662107583577339,0.00012069521331320443
spy_1h,96,499,32,derivative,acceleration,0.009812162572075846,0.5071402917637902,0.019348024070321827,0.002576167260799428
spy_1h,96,499,32,derivative,jerk,0.008190595987924983,0.5346812308166181,0.015318652527629395,0.0002183798862104569
spy_1h,96,499,32,derivative,snap,0.009034689457686176,0.4912383880931521,0.01839166009146043,0.0005962157526795964
spy_1h,96,499,32,stratum,structure,0.0009584799557240033,0.11156743550185855,0.008591036904384492,9.097216168357791e-05
spy_1h,96,499,32,stratum,kinematics,0.0018989219781419611,0.08631579294788716,0.021999704958841404,0.0007663976524440175
spy_1h,96,499,32,stratum,geometry,0.003261381827190008,0.05116028029788705,0.06374831819138226,0.0007377784270213295
spy_1h,96,499,32,stratum,information,0.008061128302020385,0.12515132446394683,0.06441105067443859,0.004536331055412568
spy_1h,96,499,32,stratum,propagation,0.011746683987551004,0.1465271316333534,0.08016729636763839,0.0017266525330147386
spy_1h,96,499,32,stratum,cascade_bias,0.009662790754858831,0.25597043076320924,0.037749636651577136,0.015755276105155258
spy_1h,96,499,32,stratum,scaling_exponent,6.245004513516506e-17,0.2673089994450607,2.336249257032599e-16,0.0
spy_1h,96,499,32,carrier,carrier_price_structure,0.0009584799557240033,0.11156743550185855,0.008591036904384492,9.097216168357791e-05
spy_1h,96,499,32,carrier,carrier_realized_volatility,0.3236826049743452,0.2828283350403907,1.1444489991716005,0.23303863562009547
spy_1h,96,499,32,carrier,carrier_participation,0.1568800230859128,0.12448121673910745,1.2602706431983874,0.11061780969935975
spy_1h,96,499,32,carrier,carrier_liquidity_stress,9.23450746184492e-05,9.318667012675474e-05,0.9909687135814511,6.563795424724406e-05
spy_1h,96,499,32,carrier_ratio,ratio_realized_volatility,0.3809600550878647,0.29691515336192276,1.2830603314593916,0.2652656915772572
spy_1h,96,499,32,carrier_ratio,ratio_participation,0.16748252747253897,0.12239306901256064,1.3683987894392207,0.11097866675180323
spy_1h,96,499,32,carrier_ratio,ratio_liquidity_stress,9.235070469640685e-05,9.318723424800446e-05,0.9910231314584217,6.563914194934739e-05
spy_1h,128,499,32,derivative,pressure,0.0005878148367967535,0.1698320239862336,0.0034611542805637243,0.00018395234709689748
spy_1h,128,499,32,derivative,velocity,0.0015847540490383895,0.7568247511728134,0.0020939511380707035,0.00021701343291624653
spy_1h,128,499,32,derivative,acceleration,0.0016302126474401332,0.5071402917637902,0.003214520072484074,0.00033909290695027794
spy_1h,128,499,32,derivative,jerk,0.0017477184230115213,0.5346812308166181,0.0032687110043908454,0.000515144921116123
spy_1h,128,499,32,derivative,snap,0.0018312167344319747,0.4912383880931521,0.0037277557675006586,1.4996087156438076e-05
spy_1h,128,499,32,stratum,structure,0.00027466697320286185,0.11156743550185855,0.002461891966659808,2.2607976535415908e-05
spy_1h,128,499,32,stratum,kinematics,0.0003373816530370666,0.08631579294788716,0.003908689725422084,0.0001901569687040583
spy_1h,128,499,32,stratum,geometry,0.00076474402397614,0.05116028029788705,0.014948003011776392,0.0003806630066310879
spy_1h,128,499,32,stratum,information,0.0005990789822641271,0.12515132446394683,0.004786836933848892,0.0013467252033311783
spy_1h,128,499,32,stratum,propagation,0.0028785443446296202,0.1465271316333534,0.019645128602069684,0.0006648330849476913
spy_1h,128,499,32,stratum,cascade_bias,0.0027961619678599225,0.25597043076320924,0.010923769435097644,0.0034283980486637944
spy_1h,128,499,32,stratum,scaling_exponent,8.500145032286355e-17,0.2673089994450607,3.179894822072149e-16,0.0
spy_1h,128,499,32,carrier,carrier_price_structure,0.00027466697320286185,0.11156743550185855,0.002461891966659808,2.2607976535415908e-05
spy_1h,128,499,32,carrier,carrier_realized_volatility,0.18120670762153693,0.2828283350403907,0.6406950265278718,0.13566120205537108
spy_1h,128,499,32,carrier,carrier_participation,0.07927744659445445,0.12448121673910745,0.6368627225150537,0.05782911287052189
spy_1h,128,499,32,carrier,carrier_liquidity_stress,5.245150490574245e-05,9.318667012675474e-05,0.5628648908089178,3.728224625815235e-05
spy_1h,128,499,32,carrier_ratio,ratio_realized_volatility,0.1909073248469088,0.29691515336192276,0.6429692883145092,0.1410778543147756
spy_1h,128,499,32,carrier_ratio,ratio_participation,0.07757223503641247,0.12239306901256064,0.6337959793168647,0.05537213169908217
spy_1h,128,499,32,carrier_ratio,ratio_liquidity_stress,5.2453611928678784e-05,9.318723424800446e-05,0.5628840940710936,3.728240063916033e-05
spy_1h,192,499,32,derivative,pressure,6.714798448676743e-05,0.1698320239862336,0.0003953788155537166,2.303523229172169e-05
spy_1h,192,499,32,derivative,velocity,0.0001872850099477717,0.7568247511728134,0.00024746152878529076,5.588896651709252e-05
spy_1h,192,499,32,derivative,acceleration,0.00017531164017646473,0.5071402917637902,0.00034568667294555903,6.305776315052025e-06
spy_1h,192,499,32,derivative,jerk,0.00019271729239847546,0.5346812308166181,0.0003604339956054536,0.00012163702744197313
spy_1h,192,499,32,derivative,snap,0.0002266278333789196,0.4912383880931521,0.00046133982781481,1.461050507695072e-05
spy_1h,192,499,32,stratum,structure,5.3031754570456724e-05,0.11156743550185855,0.0004753336341550424,1.2295301022202665e-05
spy_1h,192,499,32,stratum,kinematics,6.012113801665345e-05,0.08631579294788716,0.0006965253514261447,2.3441095319765015e-05
spy_1h,192,499,32,stratum,geometry,0.00012692358914210243,0.05116028029788705,0.0024809009724550794,7.989757450899138e-05
spy_1h,192,499,32,stratum,information,1.3372730130710442e-05,0.12515132446394683,0.00010685248588450067,2.0753010572804875e-05
spy_1h,192,499,32,stratum,propagation,0.0004889927634806543,0.1465271316333534,0.003337216514305578,0.00019653362723215384
spy_1h,192,499,32,stratum,cascade_bias,0.00048360860496219005,0.25597043076320924,0.0018893143380672834,0.00038256527740310187
spy_1h,192,499,32,stratum,scaling_exponent,2.6020852139652106e-17,0.2673089994450607,9.734371904302498e-17,0.0
spy_1h,192,499,32,carrier,carrier_price_structure,5.3031754570456724e-05,0.11156743550185855,0.0004753336341550424,1.2295301022202665e-05
spy_1h,192,499,32,carrier,carrier_realized_volatility,0.03769022325705015,0.2828283350403907,0.13326183620063248,0.030081834631485005
spy_1h,192,499,32,carrier,carrier_participation,0.019099332391498452,0.12448121673910745,0.15343144043592996,0.013786839811979201
spy_1h,192,499,32,carrier,carrier_liquidity_stress,1.0649987996273064e-05,9.318667012675474e-05,0.11428660324257423,7.570006140822372e-06
spy_1h,192,499,32,carrier_ratio,ratio_realized_volatility,0.03805421957312509,0.29691515336192276,0.12816529955525427,0.029470144839234935
spy_1h,192,499,32,carrier_ratio,ratio_participation,0.018802765961706883,0.12239306901256064,0.15362606815404917,0.013251934863281245
spy_1h,192,499,32,carrier_ratio,ratio_liquidity_stress,1.0650189626006806e-05,9.318723424800446e-05,0.1142880750990297,7.56991892569836e-06
spy_1h,256,499,32,derivative,pressure,1.8205724326705798e-06,0.1698320239862336,1.0719841817454602e-05,6.920104915451863e-07
spy_1h,256,499,32,derivative,velocity,5.542152391291408e-06,0.7568247511728134,7.32290055617633e-06,2.273155453091924e-06
spy_1h,256,499,32,derivative,acceleration,4.964848716404002e-06,0.5071402917637902,9.78989206149779e-06,9.349191856244943e-07
spy_1h,256,499,32,derivative,jerk,5.962848383964841e-06,0.5346812308166181,1.1152155789829743e-05,5.372261772579323e-06
spy_1h,256,499,32,derivative,snap,6.761653856343972e-06,0.4912383880931521,1.3764506236148994e-05,9.289406535661904e-07
spy_1h,256,499,32,stratum,structure,2.1321128944214174e-06,0.11156743550185855,1.9110530638538337e-05,7.105992863021271e-07
spy_1h,256,499,32,stratum,kinematics,1.941909995332655e-06,0.08631579294788716,2.2497736845273218e-05,8.096478478214486e-07
spy_1h,256,499,32,stratum,geometry,4.5743060891351855e-06,0.05116028029788705,8.941127887690848e-05,3.645783963113214e-06
spy_1h,256,499,32,stratum,information,5.430419187900382e-07,0.12515132446394683,4.339082475683074e-06,7.570749018248613e-07
spy_1h,256,499,32,stratum,propagation,1.9178510502860374e-05,0.1465271316333534,0.0001308870943495276,9.963148974057034e-06
spy_1h,256,499,32,stratum,cascade_bias,1.8835504557621302e-05,0.25597043076320924,7.358468906529863e-05,1.0348586219621758e-05
spy_1h,256,499,32,stratum,scaling_exponent,0.0,0.2673089994450607,0.0,0.0
spy_1h,256,499,32,carrier,carrier_price_structure,2.1321128944214174e-06,0.11156743550185855,1.9110530638538337e-05,7.105992863021271e-07
spy_1h,256,499,32,carrier,carrier_realized_volatility,0.007816580185687809,0.2828283350403907,0.027637189125946395,0.00635336362096206
spy_1h,256,499,32,carrier,carrier_participation,0.0006764995096892653,0.12448121673910745,0.0054345509098541285,0.0004835808081020687
spy_1h,256,499,32,carrier,carrier_liquidity_stress,3.4592142594009473e-06,9.318667012675474e-05,0.03712134208353664,2.4588101774081217e-06
spy_1h,256,499,32,carrier_ratio,ratio_realized_volatility,0.007867615349584425,0.29691515336192276,0.026497857251476308,0.006168292451149582
spy_1h,256,499,32,carrier_ratio,ratio_participation,0.0006713579273311884,0.12239306901256064,0.005485260993515001,0.00046620769370875337
spy_1h,256,499,32,carrier_ratio,ratio_liquidity_stress,3.4592638807340315e-06,9.318723424800446e-05,0.03712164985525482,2.458779290726021e-06
spy_1h,365,499,32,derivative,pressure,2.4409579452302306e-08,0.1698320239862336,1.4372777806782142e-07,1.0500969947757621e-08
spy_1h,365,499,32,derivative,velocity,8.400856413336502e-08,0.7568247511728134,1.1100134344599745e-07,4.113106877312589e-08
spy_1h,365,499,32,derivative,acceleration,8.15409681940429e-08,0.5071402917637902,1.6078582104066402e-07,3.365731093829538e-08
spy_1h,365,499,32,derivative,jerk,9.598714682465537e-08,0.5346812308166181,1.7952219246232805e-07,1.135458445600257e-07
spy_1h,365,499,32,derivative,snap,1.1618678198995033e-07,0.4912383880931521,2.3651812400279714e-07,2.4398911835366022e-08
spy_1h,365,499,32,stratum,structure,4.147598610219905e-08,0.11156743550185855,3.717570984367398e-07,1.750438760605988e-08
spy_1h,365,499,32,stratum,kinematics,3.2072894593643264e-08,0.08631579294788716,3.715762028972746e-07,1.5528692942634592e-08
spy_1h,365,499,32,stratum,geometry,7.725693052483551e-08,0.05116028029788705,1.5100959196274431e-06,8.234652260075137e-08
spy_1h,365,499,32,stratum,information,1.0906527424248136e-08,0.12515132446394683,8.714671994853758e-08,1.3496560091752485e-08
spy_1h,365,499,32,stratum,propagation,3.6098051537161724e-07,0.1465271316333534,2.4635745704411825e-06,2.298941984557601e-07
spy_1h,365,499,32,stratum,cascade_bias,3.614452849219369e-07,0.25597043076320924,1.4120587438331867e-06,1.4049212404554368e-07
spy_1h,365,499,32,stratum,scaling_exponent,0.0,0.2673089994450607,0.0,0.0
spy_1h,365,499,32,carrier,carrier_price_structure,4.147598610219905e-08,0.11156743550185855,3.717570984367398e-07,1.750438760605988e-08
spy_1h,365,499,32,carrier,carrier_realized_volatility,0.0008520779294222697,0.2828283350403907,0.0030127035514337154,0.000694360683747508
spy_1h,365,499,32,carrier,carrier_participation,8.837888075612262e-05,0.12448121673910745,0.0007099776421799483,6.342344272025624e-05
spy_1h,365,499,32,carrier,carrier_liquidity_stress,3.0898085691920263e-07,9.318667012675474e-05,0.0033157194746729277,2.1962377921846965e-07
spy_1h,365,499,32,carrier_ratio,ratio_realized_volatility,0.0008576191517646638,0.29691515336192276,0.0028884317356456194,0.0006728855577167181
spy_1h,365,499,32,carrier_ratio,ratio_participation,8.746281926429525e-05,0.12239306901256064,0.0007146059819393804,6.113668655671756e-05
spy_1h,365,499,32,carrier_ratio,ratio_liquidity_stress,3.089848586226851e-07,9.318723424800446e-05,0.003315742345141033,2.196206771998277e-07
spy_2h,60,499,32,derivative,pressure,0.02817415966299478,0.24384277066970383,0.11554232092104123,0.0034878016393895973
spy_2h,60,499,32,derivative,velocity,0.21878906219182648,0.7471867554949787,0.2928171044023502,0.10983935087612608
spy_2h,60,499,32,derivative,acceleration,0.13239044938505695,0.49196923255996194,0.26910310772111345,0.030245925994232564
spy_2h,60,499,32,derivative,jerk,0.1273892639200586,0.501430681096005,0.2540515942136145,0.2140064465183662
spy_2h,60,499,32,derivative,snap,0.14156106451318945,0.5163321605361652,0.2741666611783214,0.21446818054454422
spy_2h,60,499,32,stratum,structure,0.01354110586347621,0.1439885391859007,0.09404294216773434,0.0039691889253117285
spy_2h,60,499,32,stratum,kinematics,0.04510527594021839,0.07776761481561412,0.5800007631346589,0.03717011210817117
spy_2h,60,499,32,stratum,geometry,0.03818937894735351,0.049050010696529256,0.7785804407593282,0.03955993514302686
spy_2h,60,499,32,stratum,information,0.17457041939747756,0.11618260787045448,1.5025520824263683,0.07635824421248472
spy_2h,60,499,32,stratum,propagation,0.07310045703391196,0.14215842059773898,0.5142182694950018,0.021875338493479224
spy_2h,60,499,32,stratum,cascade_bias,0.12488779788188575,0.29877711669327617,0.41799652953373684,0.0040395702219601926
spy_2h,60,499,32,stratum,scaling_exponent,0.12975938225145842,0.2261247460281991,0.5738398142204066,0.0
spy_2h,60,499,32,carrier,carrier_price_structure,0.01354110586347621,0.1439885391859007,0.09404294216773434,0.0039691889253117285
spy_2h,60,499,32,carrier,carrier_realized_volatility,0.5931191990802152,0.28735063999286814,2.064095625800367,0.5188174467205241
spy_2h,60,499,32,carrier,carrier_participation,0.25324330718710053,0.25130021189515855,1.007732167343944,0.18835656513693083
spy_2h,60,499,32,carrier,carrier_liquidity_stress,0.00014910836822244582,4.825791360862919e-05,3.0898221052760797,0.00010742353693282691
spy_2h,60,499,32,carrier_ratio,ratio_realized_volatility,1.2319967637954674,0.3052108737568209,4.036542828998519,0.668491247038279
spy_2h,60,499,32,carrier_ratio,ratio_participation,0.2555268285778681,0.24744219597406003,1.0326728130260194,0.18606872224542625
spy_2h,60,499,32,carrier_ratio,ratio_liquidity_stress,0.0001491171097000657,4.825821612852721e-05,3.0899838755522726,0.00010742542877262284
spy_2h,96,499,32,derivative,pressure,0.0027549176198972793,0.24384277066970383,0.01129792616910895,0.0007775235518371129
spy_2h,96,499,32,derivative,velocity,0.01242917241325264,0.7471867554949787,0.016634626245507864,0.016972237100777263
spy_2h,96,499,32,derivative,acceleration,0.00912706004749453,0.49196923255996194,0.018552095219454827,0.0373010040428321
spy_2h,96,499,32,derivative,jerk,0.017308641560029352,0.501430681096005,0.034518513151602315,0.14109927502508224
spy_2h,96,499,32,derivative,snap,0.019290864714300374,0.5163321605361652,0.03736134641365071,0.13762228496216664
spy_2h,96,499,32,stratum,structure,0.0013963164404247712,0.1439885391859007,0.009697413754729569,0.001214564331573742
spy_2h,96,499,32,stratum,kinematics,0.003487279997427312,0.07776761481561412,0.044842316505342254,0.009324638441273791
spy_2h,96,499,32,stratum,geometry,0.004527362296493042,0.049050010696529256,0.09230094412218742,0.0042889148168170355
spy_2h,96,499,32,stratum,information,0.02348681694734423,0.11618260787045448,0.2021543273803289,0.012369752242550824
spy_2h,96,499,32,stratum,propagation,0.011282211269298998,0.14215842059773898,0.07936365093154701,0.02366730646594617
spy_2h,96,499,32,stratum,cascade_bias,0.015158539826041038,0.29877711669327617,0.05073527716516107,0.019438987185276535
spy_2h,96,499,32,stratum,scaling_exponent,1.2836953722228372e-16,0.2261247460281991,5.67693450084739e-16,0.0
spy_2h,96,499,32,carrier,carrier_price_structure,0.0013963164404247712,0.1439885391859007,0.009697413754729569,0.001214564331573742
spy_2h,96,499,32,carrier,carrier_realized_volatility,0.2781549094072946,0.28735063999286814,0.967998224796709,0.21178899139394436
spy_2h,96,499,32,carrier,carrier_participation,0.008104043404214325,0.25130021189515855,0.03224845432122158,0.006356628938359643
spy_2h,96,499,32,carrier,carrier_liquidity_stress,7.205937231323338e-05,4.825791360862919e-05,1.4932135876746266,5.1219849167338793e-05
spy_2h,96,499,32,carrier_ratio,ratio_realized_volatility,0.3025524033257747,0.3052108737568209,0.991289725695801,0.2084302651556621
spy_2h,96,499,32,carrier_ratio,ratio_participation,0.0077530108132761455,0.24744219597406003,0.03133261399801395,0.006005630626524705
spy_2h,96,499,32,carrier_ratio,ratio_liquidity_stress,7.20607732424064e-05,4.825821612852721e-05,1.4932332569128808,5.1219307937722114e-05
spy_2h,128,499,32,derivative,pressure,0.00033569980625163985,0.24384277066970383,0.0013767060033383583,0.00010183201514512956
spy_2h,128,499,32,derivative,velocity,0.0012797316020083326,0.7471867554949787,0.0017127332525595507,0.00218682840132281
spy_2h,128,499,32,derivative,acceleration,0.0013293107252328005,0.49196923255996194,0.0027020200395779467,0.012938070935672757
spy_2h,128,499,32,derivative,jerk,0.0024738345110767775,0.501430681096005,0.004933552342009826,0.021855509416155494
spy_2h,128,499,32,derivative,snap,0.002771201310772048,0.5163321605361652,0.005367090262001889,0.026213475322078246
spy_2h,128,499,32,stratum,structure,0.0002793039608004911,0.1439885391859007,0.0019397652228410162,0.00019150339218726442
spy_2h,128,499,32,stratum,kinematics,0.0005186012232817512,0.07776761481561412,0.006668601377467306,0.0013994711237820256
spy_2h,128,499,32,stratum,geometry,0.0005702159960830865,0.049050010696529256,0.011625196161749961,0.000914576451072624
spy_2h,128,499,32,stratum,information,0.005192058701645153,0.11618260787045448,0.04468877740663545,0.00016464086618139806
spy_2h,128,499,32,stratum,propagation,0.0019200636921066338,0.14215842059773898,0.01350650692398852,0.004311098186955631
spy_2h,128,499,32,stratum,cascade_bias,0.00204830962328778,0.29877711669327617,0.006855644254009484,0.003981198843751754
spy_2h,128,499,32,stratum,scaling_exponent,6.938893903907228e-18,0.2261247460281991,3.068613243701292e-17,0.0
spy_2h,128,499,32,carrier,carrier_price_structure,0.0002793039608004911,0.1439885391859007,0.0019397652228410162,0.00019150339218726442
spy_2h,128,499,32,carrier,carrier_realized_volatility,0.08019273921401054,0.28735063999286814,0.27907625059057073,0.0608460362576736
spy_2h,128,499,32,carrier,carrier_participation,0.012636640826637742,0.25130021189515855,0.050285038485799995,0.00986266870933944
spy_2h,128,499,32,carrier,carrier_liquidity_stress,2.628880278253247e-05,4.825791360862919e-05,0.5447563066181059,1.8686243948129455e-05
spy_2h,128,499,32,carrier_ratio,ratio_realized_volatility,0.07985009682540235,0.3052108737568209,0.26162271298703316,0.05925915739308074
spy_2h,128,499,32,carrier_ratio,ratio_participation,0.012062906691710434,0.24744219597406003,0.04875040267172143,0.00931617546993857
spy_2h,128,499,32,carrier_ratio,ratio_liquidity_stress,2.6288665831132596e-05,4.825821612852721e-05,0.5447500537756595,1.868574723107308e-05
spy_2h,192,499,32,derivative,pressure,2.8458139126286817e-05,0.24384277066970383,0.00011670692162875177,8.954224429454441e-06
spy_2h,192,499,32,derivative,velocity,0.00010349592055356989,0.7471867554949787,0.0001385141262106665,0.00018567165189381507
spy_2h,192,499,32,derivative,acceleration,0.00012552885410912175,0.49196923255996194,0.00025515590366481325,0.0016378197680495254
spy_2h,192,499,32,derivative,jerk,0.00021434275301072465,0.501430681096005,0.00042746238132501934,0.0021558746376153515
spy_2h,192,499,32,derivative,snap,0.00022865100552406294,0.5163321605361652,0.0004428370397974613,0.002102933435074089
spy_2h,192,499,32,stratum,structure,3.3464778845375756e-05,0.1439885391859007,0.00023241279503620807,1.9906300956495926e-05
spy_2h,192,499,32,stratum,kinematics,3.981957384628296e-05,0.07776761481561412,0.0005120328550733437,4.8471265155225485e-05
spy_2h,192,499,32,stratum,geometry,6.0287542423796e-05,0.049050010696529256,0.0012291035530408538,8.07558027284827e-05
spy_2h,192,499,32,stratum,information,0.0006450554066004532,0.11618260787045448,0.005552082350567485,1.4672371014823327e-05
spy_2h,192,499,32,stratum,propagation,0.00017807217027580868,0.14215842059773898,0.001252631884393916,0.00038153212442626483
spy_2h,192,499,32,stratum,cascade_bias,0.0001908337912180716,0.29877711669327617,0.0006387162220792869,0.0003710665164397553
spy_2h,192,499,32,stratum,scaling_exponent,6.938893903907228e-17,0.2261247460281991,3.068613243701292e-16,0.0
spy_2h,192,499,32,carrier,carrier_price_structure,3.3464778845375756e-05,0.1439885391859007,0.00023241279503620807,1.9906300956495926e-05
spy_2h,192,499,32,carrier,carrier_realized_volatility,0.026210887336653395,0.28735063999286814,0.09121569152344304,0.020068729951097597
spy_2h,192,499,32,carrier,carrier_participation,0.00301820098195418,0.25130021189515855,0.012010339980188163,0.002328487819838798
spy_2h,192,499,32,carrier,carrier_liquidity_stress,7.284743413308106e-06,4.825791360862919e-05,0.15095437967723271,5.1780568018910955e-06
spy_2h,192,499,32,carrier_ratio,ratio_realized_volatility,0.026097205349148354,0.3052108737568209,0.08550549011547179,0.01970668102754103
spy_2h,192,499,32,carrier_ratio,ratio_participation,0.002867069497343489,0.24744219597406003,0.011586825303005518,0.0021943734881963994
spy_2h,192,499,32,carrier_ratio,ratio_liquidity_stress,7.284633825987985e-06,4.825821612852721e-05,0.15095116252508492,5.1778838521254755e-06
spy_2h,256,499,32,derivative,pressure,4.181939043648192e-06,0.24384277066970383,1.7150145694960213e-05,1.3424152112626042e-06
spy_2h,256,499,32,derivative,velocity,1.4912413979736947e-05,0.7471867554949787,1.9958081256215685e-05,2.6972911354533613e-05
spy_2h,256,499,32,derivative,acceleration,1.9499645581192885e-05,0.49196923255996194,3.963590462705661e-05,0.0002804664837887383
spy_2h,256,499,32,derivative,jerk,3.1418795656339496e-05,0.501430681096005,6.265830321285025e-05,0.0003359999641692757
spy_2h,256,499,32,derivative,snap,3.347925863796792e-05,0.5163321605361652,6.484054489885479e-05,0.0003105171042644961
spy_2h,256,499,32,stratum,structure,5.87912034350109e-06,0.1439885391859007,4.08304742637237e-05,3.2824475798554076e-06
spy_2h,256,499,32,stratum,kinematics,5.436405674729208e-06,0.07776761481561412,6.990577874374632e-05,8.2125756142859e-06
spy_2h,256,499,32,stratum,geometry,1.1645565293949903e-05,0.049050010696529256,0.00023742227837626005,1.291148344279014e-05
spy_2h,256,499,32,stratum,information,2.4115249874015476e-06,0.11618260787045448,2.075633377149218e-05,2.191012786589841e-06
spy_2h,256,499,32,stratum,propagation,2.6943468805967763e-05,0.14215842059773898,0.00018953128975883048,5.827504514632764e-05
spy_2h,256,499,32,stratum,cascade_bias,2.9110867385802666e-05,0.29877711669327617,9.743339017387937e-05,5.722097106747315e-05
spy_2h,256,499,32,stratum,scaling_exponent,6.938893903907228e-17,0.2261247460281991,3.068613243701292e-16,0.0
spy_2h,256,499,32,carrier,carrier_price_structure,5.87912034350109e-06,0.1439885391859007,4.08304742637237e-05,3.2824475798554076e-06
spy_2h,256,499,32,carrier,carrier_realized_volatility,0.008275077412865954,0.28735063999286814,0.0287978388113955,0.006350121568993949
spy_2h,256,499,32,carrier,carrier_participation,0.007191503846720701,0.25130021189515855,0.028617181786225344,0.005552587391512098
spy_2h,256,499,32,carrier,carrier_liquidity_stress,1.7528975457242052e-06,4.825791360862919e-05,0.03632352529660053,1.2459752746774022e-06
spy_2h,256,499,32,carrier_ratio,ratio_realized_volatility,0.00825308672806761,0.3052108737568209,0.02704060516088729,0.006261389282805285
spy_2h,256,499,32,carrier_ratio,ratio_participation,0.006834389340613686,0.24744219597406003,0.027620145035126314,0.005233868614709536
spy_2h,256,499,32,carrier_ratio,ratio_liquidity_stress,1.7528665928433218e-06,4.825821612852721e-05,0.03632265619132859,1.2459312332957495e-06
spy_2h,365,499,32,derivative,pressure,5.0765877518104004e-09,0.24384277066970383,2.0819102973066485e-08,1.7084383872878472e-09
spy_2h,365,499,32,derivative,velocity,1.7666202160870892e-08,0.7471867554949787,2.364362327216012e-08,3.160483078024079e-08
spy_2h,365,499,32,derivative,acceleration,2.7109791352812693e-08,0.49196923255996194,5.510464793041404e-08,4.436824305731335e-07
spy_2h,365,499,32,derivative,jerk,3.884060761514749e-08,0.501430681096005,7.745957533003646e-08,4.457576450178635e-07
spy_2h,365,499,32,derivative,snap,3.87452921357884e-08,0.5163321605361652,7.503947090096974e-08,3.5033275864321256e-07
spy_2h,365,499,32,stratum,structure,9.948805567566721e-09,0.1439885391859007,6.909442670796192e-08,5.063330477117489e-09
spy_2h,365,499,32,stratum,kinematics,6.4595517546006676e-09,0.07776761481561412,8.30622331662887e-08,8.02270416766504e-09
spy_2h,365,499,32,stratum,geometry,2.417549614143477e-08,0.049050010696529256,4.92874431587951e-07,2.324167081013684e-08
spy_2h,365,499,32,stratum,information,4.004452873462849e-09,0.11618260787045448,3.446688748739295e-08,2.740872140361006e-09
spy_2h,365,499,32,stratum,propagation,3.548339174222481e-08,0.14215842059773898,2.496045720895493e-07,7.687474656847826e-08
spy_2h,365,499,32,stratum,cascade_bias,3.8942570714569497e-08,0.29877711669327617,1.3033987055490546e-07,7.708396404515483e-08
spy_2h,365,499,32,stratum,scaling_exponent,2.5673907444456745e-16,0.2261247460281991,1.135386900169478e-15,4.440892098500626e-16
spy_2h,365,499,32,carrier,carrier_price_structure,9.948805567566721e-09,0.1439885391859007,6.909442670796192e-08,5.063330477117489e-09
spy_2h,365,499,32,carrier,carrier_realized_volatility,0.0007651583679795524,0.28735063999286814,0.0026628037717213475,0.0005893827705302779
spy_2h,365,499,32,carrier,carrier_participation,0.00020035980099715987,0.25130021189515855,0.0007972926066642124,0.00015550233828104387
spy_2h,365,499,32,carrier,carrier_liquidity_stress,1.656001894986825e-07,4.825791360862919e-05,0.0034315654597440134,1.1771010094419054e-07
spy_2h,365,499,32,carrier_ratio,ratio_realized_volatility,0.0007647433067626552,0.3052108737568209,0.002505622743218416,0.0005822234557198991
spy_2h,365,499,32,carrier_ratio,ratio_participation,0.0001907447626128371,0.24744219597406003,0.000770865946537402,0.00014660664312293736
spy_2h,365,499,32,carrier_ratio,ratio_liquidity_stress,1.6559722517892062e-07,4.825821612852721e-05,0.0034314825218131092,1.1770585994774763e-07
spy_4h,60,499,32,derivative,pressure,0.003862121205077175,0.08525737502385235,0.04529955565716953,0.0003076156897156724
spy_4h,60,499,32,derivative,velocity,0.08994116755795419,0.7124910471423992,0.1262348038177923,0.014832656558512347
spy_4h,60,499,32,derivative,acceleration,0.13313926347570745,0.5139497137654432,0.2590511482149977,0.009264131690914001
spy_4h,60,499,32,derivative,jerk,0.15437903058431285,0.4947896025916364,0.3120094476029767,0.0010658460755857968
spy_4h,60,499,32,derivative,snap,0.1680347421992267,0.48521324688212236,0.34631111841851475,0.009493110871419054
spy_4h,60,499,32,stratum,structure,0.0017245831700476166,0.08797815884807852,0.019602401239444466,2.501479032734899e-05
spy_4h,60,499,32,stratum,kinematics,0.0374766617206932,0.07863306213902183,0.4766018351725276,0.006186685578488893
spy_4h,60,499,32,stratum,geometry,0.03032301102390872,0.06424315621934396,0.47200375586120874,0.0002482541820171824
spy_4h,60,499,32,stratum,information,0.11117622018937307,0.0759590676294688,1.463633291705144,0.005963984763738606
spy_4h,60,499,32,stratum,propagation,0.05606990495488509,0.18055143334982449,0.3105481020815147,0.009745805170094823
spy_4h,60,499,32,stratum,cascade_bias,0.131738467186523,0.34867636603954566,0.37782448143210734,0.007104648087990495
spy_4h,60,499,32,stratum,scaling_exponent,0.07850833962490568,0.22276478983886344,0.3524270585207589,0.0
spy_4h,60,499,32,carrier,carrier_price_structure,0.0017245831700476166,0.08797815884807852,0.019602401239444466,2.501479032734899e-05
spy_4h,60,499,32,carrier,carrier_realized_volatility,0.40056166958152184,0.32666378944641417,1.2262199929179167,0.3742769271917501
spy_4h,60,499,32,carrier,carrier_participation,0.04095285202868341,0.17163634821455476,0.2386024432161078,0.02887820375019845
spy_4h,60,499,32,carrier,carrier_liquidity_stress,8.202947612914215e-05,3.7678938226315406e-05,2.177064428844542,5.874362632518615e-05
spy_4h,60,499,32,carrier_ratio,ratio_realized_volatility,0.794167471295258,0.3602345823658255,2.2045842075449738,0.38636058062439527
spy_4h,60,499,32,carrier_ratio,ratio_participation,0.03967801463572832,0.17021225796134776,0.23310903169346656,0.027685298447444717
spy_4h,60,499,32,carrier_ratio,ratio_liquidity_stress,8.203243244402081e-05,3.767938896714895e-05,2.1771168453804113,5.87445068596093e-05
spy_4h,96,499,32,derivative,pressure,0.003474709021003406,0.08525737502385235,0.04075552431717832,0.0010889069445528948
spy_4h,96,499,32,derivative,velocity,0.03439025871903201,0.7124910471423992,0.048267636283938785,0.004449437534396861
spy_4h,96,499,32,derivative,acceleration,0.058058994002532276,0.5139497137654432,0.11296629309736184,0.0071247224527651865
spy_4h,96,499,32,derivative,jerk,0.06514719037511392,0.4947896025916364,0.1316664498079231,0.010159960862784978
spy_4h,96,499,32,derivative,snap,0.06607185430674059,0.48521324688212236,0.1361707552943048,0.0007342702043347388
spy_4h,96,499,32,stratum,structure,0.0017339818263679956,0.08797815884807852,0.019709230666695936,0.0003058291896498866
spy_4h,96,499,32,stratum,kinematics,0.012107364374001077,0.07863306213902183,0.1539729478243576,0.0032877286505230696
spy_4h,96,499,32,stratum,geometry,0.011003991330613687,0.06424315621934396,0.17128659266121685,0.0023165101409170497
spy_4h,96,499,32,stratum,information,0.023088764357730218,0.0759590676294688,0.30396324070693026,0.029482779383859625
spy_4h,96,499,32,stratum,propagation,0.027499846384520375,0.18055143334982449,0.15231031886209676,0.017518148301889025
spy_4h,96,499,32,stratum,cascade_bias,0.06173927366664831,0.34867636603954566,0.17706756086716258,0.024379399821723546
spy_4h,96,499,32,stratum,scaling_exponent,1.5439038936193583e-16,0.22276478983886344,6.930645972984055e-16,0.0
spy_4h,96,499,32,carrier,carrier_price_structure,0.0017339818263679956,0.08797815884807852,0.019709230666695936,0.0003058291896498866
spy_4h,96,499,32,carrier,carrier_realized_volatility,0.2272798208840725,0.32666378944641417,0.6957606818595834,0.17345030808143264
spy_4h,96,499,32,carrier,carrier_participation,0.03128613784557567,0.17163634821455476,0.18228153984298417,0.02147507595238496
spy_4h,96,499,32,carrier,carrier_liquidity_stress,4.3038221715320166e-05,3.7678938226315406e-05,1.1422355231141246,3.059157514972988e-05
spy_4h,96,499,32,carrier_ratio,ratio_realized_volatility,0.31745075613338236,0.3602345823658255,0.8812334286412422,0.16864947664711827
spy_4h,96,499,32,carrier_ratio,ratio_participation,0.031174067176588337,0.17021225796134776,0.18314819126403592,0.02035624915473444
spy_4h,96,499,32,carrier_ratio,ratio_liquidity_stress,4.303892695568107e-05,3.767938896714895e-05,1.1422405759606364,3.059159791196642e-05
spy_4h,128,499,32,derivative,pressure,0.0011185846225341344,0.08525737502385235,0.013120092217490739,0.00033538538576315634
spy_4h,128,499,32,derivative,velocity,0.011538308219796994,0.7124910471423992,0.016194320288056806,0.0009772472619935524
spy_4h,128,499,32,derivative,acceleration,0.022141002973824802,0.5139497137654432,0.04308009593313935,0.0024578993587722198
spy_4h,128,499,32,derivative,jerk,0.0239208534492428,0.4947896025916364,0.04834550549152373,0.003139060011306205
spy_4h,128,499,32,derivative,snap,0.026846916157209404,0.48521324688212236,0.0553301385106899,0.00031475460807504213
spy_4h,128,499,32,stratum,structure,0.0006779290501432167,0.08797815884807852,0.0077056517096916145,0.00010228430264269672
spy_4h,128,499,32,stratum,kinematics,0.005621380200202936,0.07863306213902183,0.0714887611811993,0.0007593718533031035
spy_4h,128,499,32,stratum,geometry,0.0032060511489319238,0.06424315621934396,0.04990494455137876,0.0004961525012422419
spy_4h,128,499,32,stratum,information,0.0034062444376750066,0.0759590676294688,0.044843157558104786,0.0006270450606150613
spy_4h,128,499,32,stratum,propagation,0.013394783899044627,0.18055143334982449,0.07418818920751397,0.003900571456147417
spy_4h,128,499,32,stratum,cascade_bias,0.019998897046203494,0.34867636603954566,0.057356617752335096,0.00637922834674054
spy_4h,128,499,32,stratum,scaling_exponent,1.9255430583342559e-16,0.22276478983886344,8.643839359564384e-16,2.220446049250313e-16
spy_4h,128,499,32,carrier,carrier_price_structure,0.0006779290501432167,0.08797815884807852,0.0077056517096916145,0.00010228430264269672
spy_4h,128,499,32,carrier,carrier_realized_volatility,0.13766713301842587,0.32666378944641417,0.4214337109470431,0.09682380322512096
spy_4h,128,499,32,carrier,carrier_participation,0.07473252292312726,0.17163634821455476,0.43541198411951504,0.0518933173263168
spy_4h,128,499,32,carrier,carrier_liquidity_stress,1.8744226874032807e-05,3.7678938226315406e-05,0.49747226849777904,1.3323453331492985e-05
spy_4h,128,499,32,carrier_ratio,ratio_realized_volatility,0.17002474858173966,0.3602345823658255,0.471983415543031,0.09487935432504557
spy_4h,128,499,32,carrier_ratio,ratio_participation,0.07581800876816888,0.17021225796134776,0.4454321308949784,0.04910641525900061
spy_4h,128,499,32,carrier_ratio,ratio_liquidity_stress,1.874429209850273e-05,3.767938896714895e-05,0.49746804850909543,1.3323349580818267e-05
spy_4h,192,499,32,derivative,pressure,5.511822061883838e-06,0.08525737502385235,6.46492114065417e-05,1.6990455699601031e-06
spy_4h,192,499,32,derivative,velocity,6.497426058525279e-05,0.7124910471423992,9.119309056000948e-05,4.1503652331575935e-07
spy_4h,192,499,32,derivative,acceleration,0.00011543933485685574,0.5139497137654432,0.00022461212014516276,1.266411117661903e-05
spy_4h,192,499,32,derivative,jerk,9.620429196415784e-05,0.4947896025916364,0.00019443474854817817,1.8062492002812736e-05
spy_4h,192,499,32,derivative,snap,0.00012889330817711213,0.48521324688212236,0.0002656425994247957,6.329937227718407e-06
spy_4h,192,499,32,stratum,structure,5.017512700331364e-06,0.08797815884807852,5.703134466584655e-05,1.0894771992897567e-06
spy_4h,192,499,32,stratum,kinematics,3.1945606650740296e-05,0.07863306213902183,0.0004062617654932609,2.341413213924337e-06
spy_4h,192,499,32,stratum,geometry,1.334935882868829e-05,0.06424315621934396,0.00020779425567308486,3.0691823104112004e-06
spy_4h,192,499,32,stratum,information,4.051448544926603e-06,0.0759590676294688,5.333726007130211e-05,1.7034205641031086e-06
spy_4h,192,499,32,stratum,propagation,8.086836464044414e-05,0.18055143334982449,0.0004478965530213153,2.3042361091296648e-05
spy_4h,192,499,32,stratum,cascade_bias,9.74052988594546e-05,0.34867636603954566,0.0002793573305981032,3.155953334910144e-05
spy_4h,192,499,32,stratum,scaling_exponent,6.245004513516506e-17,0.22276478983886344,2.803407359858719e-16,0.0
spy_4h,192,499,32,carrier,carrier_price_structure,5.017512700331364e-06,0.08797815884807852,5.703134466584655e-05,1.0894771992897567e-06
spy_4h,192,499,32,carrier,carrier_realized_volatility,0.025621361253904306,0.32666378944641417,0.07843342935966041,0.016531438812321442
spy_4h,192,499,32,carrier,carrier_participation,0.009225715454297647,0.17163634821455476,0.05375152495533756,0.0063082481276424685
spy_4h,192,499,32,carrier,carrier_liquidity_stress,3.772737476625751e-06,3.7678938226315406e-05,0.10012855070291836,2.681679844074303e-06
spy_4h,192,499,32,carrier_ratio,ratio_realized_volatility,0.028477767552616457,0.3602345823658255,0.07905339727682421,0.01671048862304536
spy_4h,192,499,32,carrier_ratio,ratio_participation,0.009008659307333036,0.17021225796134776,0.0529260313871093,0.006015425917549666
spy_4h,192,499,32,carrier_ratio,ratio_liquidity_stress,3.7727209420794494e-06,3.767938896714895e-05,0.10012691409005393,2.681644719615406e-06
spy_4h,256,499,32,derivative,pressure,2.0395515052595094e-07,0.08525737502385235,2.392228830278796e-06,6.920501496691933e-08
spy_4h,256,499,32,derivative,velocity,2.78846598221927e-06,0.7124910471423992,3.913685643353725e-06,1.4728552116816118e-07
spy_4h,256,499,32,derivative,acceleration,4.815811094740119e-06,0.5139497137654432,9.370199001488233e-06,4.6769270328761436e-07
spy_4h,256,499,32,derivative,jerk,3.7703509348195607e-06,0.4947896025916364,7.62010946687442e-06,8.854061316343476e-07
spy_4h,256,499,32,derivative,snap,4.991860181628163e-06,0.48521324688212236,1.0287971760261699e-05,5.072860348731556e-07
spy_4h,256,499,32,stratum,structure,3.1065442267913523e-07,0.08797815884807852,3.5310402802992967e-06,9.449837284902785e-08
spy_4h,256,499,32,stratum,kinematics,1.174027905930658e-06,0.07863306213902183,1.493046148775178e-05,3.5902161465983795e-08
spy_4h,256,499,32,stratum,geometry,7.758648328803908e-07,0.06424315621934396,1.207700366139193e-05,3.241428835343285e-07
spy_4h,256,499,32,stratum,information,1.6572383900077814e-07,0.0759590676294688,2.1817518852283083e-06,8.264833079030254e-08
spy_4h,256,499,32,stratum,propagation,4.500845907466633e-06,0.18055143334982449,2.492833107974331e-05,2.0423641905464862e-06
spy_4h,256,499,32,stratum,cascade_bias,4.542170082221918e-06,0.34867636603954566,1.3026894061717855e-05,1.568716617494914e-06
spy_4h,256,499,32,stratum,scaling_exponent,6.245004513516506e-17,0.22276478983886344,2.803407359858719e-16,0.0
spy_4h,256,499,32,carrier,carrier_price_structure,3.1065442267913523e-07,0.08797815884807852,3.5310402802992967e-06,9.449837284902785e-08
spy_4h,256,499,32,carrier,carrier_realized_volatility,0.005409587263385326,0.32666378944641417,0.01656010686875569,0.003445873103678332
spy_4h,256,499,32,carrier,carrier_participation,0.00413126990937393,0.17163634821455476,0.024069900999114817,0.002827983136586998
spy_4h,256,499,32,carrier,carrier_liquidity_stress,8.420420807928736e-07,3.7678938226315406e-05,0.02234781871334107,5.985277987674564e-07
spy_4h,256,499,32,carrier_ratio,ratio_realized_volatility,0.0059368971765489074,0.3602345823658255,0.016480641968237987,0.00350806852339014
spy_4h,256,499,32,carrier_ratio,ratio_participation,0.004039055772846526,0.17021225796134776,0.02372952348569235,0.0026956721492858993
spy_4h,256,499,32,carrier_ratio,ratio_liquidity_stress,8.420372681582078e-07,3.767938896714895e-05,0.022347423650960582,5.985193088919871e-07
spy_4h,365,499,32,derivative,pressure,5.670499978188833e-09,0.08525737502385235,6.651037492771041e-08,2.0155233853430543e-09
spy_4h,365,499,32,derivative,velocity,8.203565363931915e-08,0.7124910471423992,1.1513920626559596e-07,4.179315143959528e-09
spy_4h,365,499,32,derivative,acceleration,1.391847288438955e-07,0.5139497137654432,2.7081390477710577e-07,1.1891551798814959e-08
spy_4h,365,499,32,derivative,jerk,1.0529252211116148e-07,0.4947896025916364,2.1280261662665195e-07,2.8752871417125903e-08
spy_4h,365,499,32,derivative,snap,1.3610239913027216e-07,0.48521324688212236,2.805001718416333e-07,1.9960842811972412e-08
spy_4h,365,499,32,stratum,structure,1.0532117724823542e-08,0.08797815884807852,1.1971286808820922e-07,3.557632133333044e-09
spy_4h,365,499,32,stratum,kinematics,3.514906018672881e-08,0.07863306213902183,4.470010353225964e-07,3.951640126231837e-10
spy_4h,365,499,32,stratum,geometry,2.813367672334366e-08,0.06424315621934396,4.379248838162229e-07,1.301442403844888e-08
spy_4h,365,499,32,stratum,information,5.110989005283062e-09,0.0759590676294688,6.728609453468622e-08,2.5835912853544585e-09
spy_4h,365,499,32,stratum,propagation,1.5204777290694915e-07,0.18055143334982449,8.421299686519324e-07,8.233507275967611e-08
spy_4h,365,499,32,stratum,cascade_bias,1.4770961064523858e-07,0.34867636603954566,4.2362954599706327e-07,5.202238984036711e-08
spy_4h,365,499,32,stratum,scaling_exponent,3.8163916471489756e-17,0.22276478983886344,1.7131933865803283e-16,0.0
spy_4h,365,499,32,carrier,carrier_price_structure,1.0532117724823542e-08,0.08797815884807852,1.1971286808820922e-07,3.557632133333044e-09
spy_4h,365,499,32,carrier,carrier_realized_volatility,0.0005762769507837448,0.32666378944641417,0.0017641286527666305,0.0003660437148550466
spy_4h,365,499,32,carrier,carrier_participation,0.00023834761283114507,0.17163634821455476,0.0013886779537700116,0.00016325849367859746
spy_4h,365,499,32,carrier,carrier_liquidity_stress,8.561334435309986e-08,3.7678938226315406e-05,0.002272180384671947,6.085441045522444e-08
spy_4h,365,499,32,carrier_ratio,ratio_realized_volatility,0.0006308425032389153,0.3602345823658255,0.0017511991744265185,0.0003731695564697102
spy_4h,365,499,32,carrier_ratio,ratio_participation,0.00023330312908922957,0.17021225796134776,0.0013706599741025035,0.00015554315114518769
spy_4h,365,499,32,carrier_ratio,ratio_liquidity_stress,8.561281069144333e-08,3.767938896714895e-05,0.0022721390404203605,6.085353299045693e-08
spy_1d,60,749,32,derivative,pressure,0.08292185007457248,0.17660174052016564,0.4695415222428336,0.0046091870950976666
spy_1d,60,749,32,derivative,velocity,0.34213520956349663,0.7391272941775422,0.46289077978672777,0.027441422026168838
spy_1d,60,749,32,derivative,acceleration,0.1655734151024623,0.5351957499341105,0.30936982426121007,0.04680471090109575
spy_1d,60,749,32,derivative,jerk,0.14497703723574962,0.5450636561558531,0.2659818456035446,0.0061448654982838025
spy_1d,60,749,32,derivative,snap,0.13258085954529725,0.5470757255476383,0.2423446213274772,0.03559781924978091
spy_1d,60,749,32,stratum,structure,0.0472157467420392,0.12970510362259668,0.36402381574300263,0.0004492388598854036
spy_1d,60,749,32,stratum,kinematics,0.040340125843075184,0.0805244108594313,0.5009676620111578,0.005287429765441276
spy_1d,60,749,32,stratum,geometry,0.03350475220604633,0.05535039259469621,0.605320949598049,0.013188659324807672
spy_1d,60,749,32,stratum,information,0.13435695818402127,0.12610072205760686,1.0654733453678615,0.13098130878146558
spy_1d,60,749,32,stratum,propagation,0.11937840843142808,0.15474196337331625,0.7714675827359557,0.058279471970740904
spy_1d,60,749,32,stratum,cascade_bias,0.08588777779106796,0.36400641816244195,0.2359512731249139,0.026996677715279915
spy_1d,60,749,32,stratum,scaling_exponent,0.1250088507073891,0.324739152995197,0.3849515820755929,8.881784197001252e-16
spy_1d,60,749,32,carrier,carrier_price_structure,0.0472157467420392,0.12970510362259668,0.36402381574300263,0.0004492388598854036
spy_1d,60,749,32,carrier,carrier_realized_volatility,0.41570335215682486,0.25953509947417375,1.6017230540264222,0.3916068648978636
spy_1d,60,749,32,carrier,carrier_participation,0.31436598483230904,0.16249036082515056,1.9346746676905089,0.23088432383975854
spy_1d,60,749,32,carrier,carrier_liquidity_stress,5.462738401876624e-05,4.198565724278236e-05,1.30109631731815,4.027573702158893e-05
spy_1d,60,749,32,carrier_ratio,ratio_realized_volatility,1.4617876108619383,0.26474036207397644,5.521589527982404,0.6215503735461853
spy_1d,60,749,32,carrier_ratio,ratio_participation,0.325508299684202,0.16164900415172656,2.0136733993033094,0.22778222969329476
spy_1d,60,749,32,carrier_ratio,ratio_liquidity_stress,5.463000720754008e-05,4.198527403298513e-05,1.301170671522134,4.027725542621319e-05
spy_1d,96,749,32,derivative,pressure,0.00021691791545967504,0.17660174052016564,0.001228288661373107,4.681800441933004e-05
spy_1d,96,749,32,derivative,velocity,0.0009652270912754992,0.7391272941775422,0.00130590102527542,6.29761974232923e-05
spy_1d,96,749,32,derivative,acceleration,0.0011913262628708901,0.5351957499341105,0.002225963608675065,0.00024037908430887822
spy_1d,96,749,32,derivative,jerk,0.00210660003134654,0.5450636561558531,0.0038648697405430903,4.075163034233942e-05
spy_1d,96,749,32,derivative,snap,0.001685817996032063,0.5470757255476383,0.0030815075816871818,1.5416610889634752e-05
spy_1d,96,749,32,stratum,structure,7.243514165803169e-05,0.12970510362259668,0.0005584602273538629,2.664652538286738e-06
spy_1d,96,749,32,stratum,kinematics,0.000369352166051478,0.0805244108594313,0.004586834751219024,2.783193058258915e-05
spy_1d,96,749,32,stratum,geometry,0.0006814087617217097,0.05535039259469621,0.01231082075083608,4.7164277167166535e-05
spy_1d,96,749,32,stratum,information,9.998781802070342e-05,0.12610072205760686,0.0007929202655558607,1.1405640846728904e-05
spy_1d,96,749,32,stratum,propagation,0.0018960593409918791,0.15474196337331625,0.012253039186388119,0.00025803452296224716
spy_1d,96,749,32,stratum,cascade_bias,0.0007896376729813858,0.36400641816244195,0.002169296016722983,3.0207357562650472e-05
spy_1d,96,749,32,stratum,scaling_exponent,5.724587470723463e-16,0.324739152995197,1.7628263847840152e-15,1.2212453270876722e-15
spy_1d,96,749,32,carrier,carrier_price_structure,7.243514165803169e-05,0.12970510362259668,0.0005584602273538629,2.664652538286738e-06
spy_1d,96,749,32,carrier,carrier_realized_volatility,0.19469336911027757,0.25953509947417375,0.7501619993007976,0.14137005054960233
spy_1d,96,749,32,carrier,carrier_participation,0.006907586383662643,0.16249036082515056,0.042510745551827676,0.005998873795669157
spy_1d,96,749,32,carrier,carrier_liquidity_stress,1.9909472955357416e-05,4.198565724278236e-05,0.47419700590205716,1.4151539416973336e-05
spy_1d,96,749,32,carrier_ratio,ratio_realized_volatility,0.2646837087101569,0.26474036207397644,0.9997860040555369,0.15396054500991185
spy_1d,96,749,32,carrier_ratio,ratio_participation,0.0069738040932167365,0.16164900415172656,0.0431416458753498,0.00569759997685404
spy_1d,96,749,32,carrier_ratio,ratio_liquidity_stress,1.9910076527351883e-05,4.198527403298513e-05,0.4742157098155371,1.4151887956392883e-05
spy_1d,128,749,32,derivative,pressure,0.00026089046118509603,0.17660174052016564,0.0014772813700287722,5.8532760754157614e-05
spy_1d,128,749,32,derivative,velocity,0.00020424318051574835,0.7391272941775422,0.00027633018307491713,2.6075153452154165e-05
spy_1d,128,749,32,derivative,acceleration,0.0002868828888937156,0.5351957499341105,0.0005360335707617906,0.00019944198788843237
spy_1d,128,749,32,derivative,jerk,0.00016517986775920423,0.5450636561558531,0.00030304693019556864,8.871871642712748e-05
spy_1d,128,749,32,derivative,snap,0.00016966028430397107,0.5470757255476383,0.00031012212090773415,0.00014296285304692818
spy_1d,128,749,32,stratum,structure,8.001805424423872e-05,0.12970510362259668,0.000616922942963505,4.15870439889332e-05
spy_1d,128,749,32,stratum,kinematics,5.0832617147868187e-05,0.0805244108594313,0.0006312696560624944,3.2933069588070296e-07
spy_1d,128,749,32,stratum,geometry,0.0001179075395310366,0.05535039259469621,0.0021302024069533836,8.150274028922988e-05
spy_1d,128,749,32,stratum,information,0.0004799754199035777,0.12610072205760686,0.0038062860550815048,4.6717541916596605e-05
spy_1d,128,749,32,stratum,propagation,0.0002520454707674452,0.15474196337331625,0.0016288113791046032,8.439594312736887e-05
spy_1d,128,749,32,stratum,cascade_bias,0.0002823444967906088,0.36400641816244195,0.0007756580178336564,3.876469292579676e-05
spy_1d,128,749,32,stratum,scaling_exponent,5.724587470723463e-16,0.324739152995197,1.7628263847840152e-15,1.2212453270876722e-15
spy_1d,128,749,32,carrier,carrier_price_structure,8.001805424423872e-05,0.12970510362259668,0.000616922942963505,4.15870439889332e-05
spy_1d,128,749,32,carrier,carrier_realized_volatility,0.09377084284861212,0.25953509947417375,0.36130312639251794,0.06593922030105909
spy_1d,128,749,32,carrier,carrier_participation,0.0044895511504141105,0.16249036082515056,0.027629646014788154,0.0036963086144681245
spy_1d,128,749,32,carrier,carrier_liquidity_stress,1.0873466700037776e-05,4.198565724278236e-05,0.2589805046319003,7.728809217955046e-06
spy_1d,128,749,32,carrier_ratio,ratio_realized_volatility,0.11193647555463598,0.26474036207397644,0.42281605523889687,0.06845631872493974
spy_1d,128,749,32,carrier_ratio,ratio_participation,0.004499082524916445,0.16164900415172656,0.027832417208667293,0.003540838093233245
spy_1d,128,749,32,carrier_ratio,ratio_liquidity_stress,1.0873746239349613e-05,4.198527403298513e-05,0.258989526442219,7.728974959375634e-06
spy_1d,192,749,32,derivative,pressure,7.221125287549613e-06,0.17660174052016564,4.088932117135648e-05,1.7325468599400928e-06
spy_1d,192,749,32,derivative,velocity,4.983432994251906e-06,0.7391272941775422,6.742320346588175e-06,2.75826300633053e-07
spy_1d,192,749,32,derivative,acceleration,7.142599386645264e-06,0.5351957499341105,1.334577000569345e-05,4.148555794919462e-06
spy_1d,192,749,32,derivative,jerk,4.592052273024762e-06,0.5450636561558531,8.424799968155885e-06,2.667044716853084e-06
spy_1d,192,749,32,derivative,snap,4.687270564733559e-06,0.5470757255476383,8.56786427517227e-06,3.695991984541125e-06
spy_1d,192,749,32,stratum,structure,4.9992388779038915e-06,0.12970510362259668,3.854311617876033e-05,2.3021008791479503e-06
spy_1d,192,749,32,stratum,kinematics,1.3100656380445053e-06,0.0805244108594313,1.6269173832658547e-05,1.596773423484521e-07
spy_1d,192,749,32,stratum,geometry,7.302330656919209e-06,0.05535039259469621,0.00013192915740256077,4.885118902453467e-06
spy_1d,192,749,32,stratum,information,3.0255137014973885e-06,0.12610072205760686,2.399283407842214e-05,1.8512549945226553e-06
spy_1d,192,749,32,stratum,propagation,1.1403236439826159e-05,0.15474196337331625,7.369194620024149e-05,3.6395959130963718e-06
spy_1d,192,749,32,stratum,cascade_bias,1.5046086368967863e-05,0.36400641816244195,4.133467328659403e-05,6.784886821820102e-07
spy_1d,192,749,32,stratum,scaling_exponent,6.192962809237201e-16,0.324739152995197,1.9070576344481617e-15,1.1102230246251565e-15
spy_1d,192,749,32,carrier,carrier_price_structure,4.9992388779038915e-06,0.12970510362259668,3.854311617876033e-05,2.3021008791479503e-06
spy_1d,192,749,32,carrier,carrier_realized_volatility,0.029579600303597166,0.25953509947417375,0.11397148348537968,0.02062631864367398
spy_1d,192,749,32,carrier,carrier_participation,0.005854438676418356,0.16249036082515056,0.03602945212681315,0.004617883494025865
spy_1d,192,749,32,carrier,carrier_liquidity_stress,3.4560295257453355e-06,4.198565724278236e-05,0.08231452721487294,2.456532576022852e-06
spy_1d,192,749,32,carrier_ratio,ratio_realized_volatility,0.03335207473525548,0.26474036207397644,0.12598031699426285,0.020962712565104846
spy_1d,192,749,32,carrier_ratio,ratio_participation,0.005838192820082792,0.16164900415172656,0.036116478729451146,0.004458209272536817
spy_1d,192,749,32,carrier_ratio,ratio_liquidity_stress,3.4561050627629486e-06,4.198527403298513e-05,0.08231707765079034,2.4565787661856575e-06
spy_1d,256,749,32,derivative,pressure,1.6854793849404573e-06,0.17660174052016564,9.543956814785737e-06,4.062461652909466e-07
spy_1d,256,749,32,derivative,velocity,1.152400554271587e-06,0.7391272941775422,1.5591367865178233e-06,7.105172805665916e-08
spy_1d,256,749,32,derivative,acceleration,1.6602396307176205e-06,0.5351957499341105,3.1021166198012925e-06,9.520624967285229e-07
spy_1d,256,749,32,derivative,jerk,1.0760017906815637e-06,0.5450636561558531,1.9740846386094333e-06,6.315714168869668e-07
spy_1d,256,749,32,derivative,snap,1.1000553040482058e-06,0.5470757255476383,2.0107916558480445e-06,8.645883343288974e-07
spy_1d,256,749,32,stratum,structure,1.2436638951625334e-06,0.12970510362259668,9.588395987726325e-06,5.614622865524055e-07
spy_1d,256,749,32,stratum,kinematics,3.073429014847223e-07,0.0805244108594313,3.81676684379896e-06,3.075599708246557e-08
spy_1d,256,749,32,stratum,geometry,1.8755045818434624e-06,0.05535039259469621,3.388421461753421e-05,1.2271923901518988e-06
spy_1d,256,749,32,stratum,information,7.323403115062216e-07,0.12610072205760686,5.807582221231572e-06,4.432919086250209e-07
spy_1d,256,749,32,stratum,propagation,2.7793434137449863e-06,0.15474196337331625,1.7961148696554906e-05,9.382174533945076e-07
spy_1d,256,749,32,stratum,cascade_bias,3.7553497754462713e-06,0.36400641816244195,1.0316713079961146e-05,1.5493865962445952e-07
spy_1d,256,749,32,stratum,scaling_exponent,6.002143226879753e-16,0.324739152995197,1.8482967549553614e-15,1.2212453270876722e-15
spy_1d,256,749,32,carrier,carrier_price_structure,1.2436638951625334e-06,0.12970510362259668,9.588395987726325e-06,5.614622865524055e-07
spy_1d,256,749,32,carrier,carrier_realized_volatility,0.01110951808058025,0.25953509947417375,0.042805455227784145,0.007743846029978685
spy_1d,256,749,32,carrier,carrier_participation,0.00034103768305405405,0.16249036082515056,0.0020988179318589314,0.00026746195877519474
spy_1d,256,749,32,carrier,carrier_liquidity_stress,1.5778729212240217e-06,4.198565724278236e-05,0.037581236661366535,1.1215463681102378e-06
spy_1d,256,749,32,carrier_ratio,ratio_realized_volatility,0.012333898092009247,0.26474036207397644,0.04658865763945274,0.007831142169043903
spy_1d,256,749,32,carrier_ratio,ratio_participation,0.00033925638476998976,0.16164900415172656,0.0020987223926944693,0.0002579899320954704
spy_1d,256,749,32,carrier_ratio,ratio_liquidity_stress,1.5779060389201072e-06,4.198527403298513e-05,0.037582368467583366,1.1215667667929807e-06
spy_1d,365,749,32,derivative,pressure,3.6437272940646054e-09,0.17660174052016564,2.0632454036592798e-08,9.136238814100306e-10
spy_1d,365,749,32,derivative,velocity,2.2967203385437437e-09,0.7391272941775422,3.107340720111548e-09,1.852569209148669e-10
spy_1d,365,749,32,derivative,acceleration,3.470265810172693e-09,0.5351957499341105,6.484105695159066e-09,1.7169770050173838e-09
spy_1d,365,749,32,derivative,jerk,2.4717972757579837e-09,0.5450636561558531,4.534878170360361e-09,1.409663330509403e-09
spy_1d,365,749,32,derivative,snap,2.6283219910390454e-09,0.5470757255476383,4.8043111187359315e-09,1.8250245203965676e-09
spy_1d,365,749,32,stratum,structure,4.008755856779733e-09,0.12970510362259668,3.0906693297466706e-08,1.6570328997822514e-09
spy_1d,365,749,32,stratum,kinematics,7.146224740434137e-10,0.0805244108594313,8.874606674128989e-09,1.4204748488566565e-11
spy_1d,365,749,32,stratum,geometry,6.686837892427855e-09,0.05535039259469621,1.2080922246373735e-07,4.484495275125511e-09
spy_1d,365,749,32,stratum,information,2.0615408139260105e-09,0.12610072205760686,1.6348366450940958e-08,1.1699775592788342e-09
spy_1d,365,749,32,stratum,propagation,8.324436655618439e-09,0.15474196337331625,5.379559929413373e-08,3.2995980392414026e-09
spy_1d,365,749,32,stratum,cascade_bias,1.2148475381484197e-08,0.36400641816244195,3.337434389979026e-08,6.1628685488202e-10
spy_1d,365,749,32,stratum,scaling_exponent,9.020562075079397e-17,0.324739152995197,2.7777870305687514e-16,0.0
spy_1d,365,749,32,carrier,carrier_price_structure,4.008755856779733e-09,0.12970510362259668,3.0906693297466706e-08,1.6570328997822514e-09
spy_1d,365,749,32,carrier,carrier_realized_volatility,0.0008038731196872203,0.25953509947417375,0.0030973580117521385,0.0005593756364114522
spy_1d,365,749,32,carrier,carrier_participation,0.0001818444231456804,0.16249036082515056,0.0011191089872792884,0.0001420208652304078
spy_1d,365,749,32,carrier,carrier_liquidity_stress,1.6480919555125761e-07,4.198565724278236e-05,0.003925368956313993,1.171458093862654e-07
spy_1d,365,749,32,carrier_ratio,ratio_realized_volatility,0.0008905292492107572,0.26474036207397644,0.00336378345271703,0.0005639623631095159
spy_1d,365,749,32,carrier_ratio,ratio_participation,0.00018075376301327634,0.16164900415172656,0.0011181866783640543,0.00013704165001393598
spy_1d,365,749,32,carrier_ratio,ratio_liquidity_stress,1.6481251302602473e-07,4.198527403298513e-05,0.003925483799308828,1.171478742900689e-07
spy_1w,60,499,32,derivative,pressure,0.0868492499900142,0.19979932612440815,0.4346823969563149,0.0035362848280655335
spy_1w,60,499,32,derivative,velocity,0.17210541588909195,0.7074797982198333,0.24326548450167065,0.04224997617456594
spy_1w,60,499,32,derivative,acceleration,0.14568032305960754,0.5355841728499957,0.27200266633048753,0.05076037629102623
spy_1w,60,499,32,derivative,jerk,0.18149370710066204,0.6222345757564816,0.291680523988901,0.03525158165086743
spy_1w,60,499,32,derivative,snap,0.21651925258759763,0.6156486580206912,0.35169288484069217,0.020569316460623543
spy_1w,60,499,32,stratum,structure,0.056554123824187244,0.15549729741967933,0.36369843568117155,0.0001677073326751266
spy_1w,60,499,32,stratum,kinematics,0.049478338322426,0.08069702053856975,0.6131371145081801,0.008814874417868768
spy_1w,60,499,32,stratum,geometry,0.029528687752420506,0.050507169851586264,0.5846434840675023,0.016022756344920175
spy_1w,60,499,32,stratum,information,0.10376259362760187,0.1094041636169088,0.9484336811068587,0.03156736087427359
spy_1w,60,499,32,stratum,propagation,0.10291280354846402,0.15428728064598585,0.667020658589471,0.015791386383301242
spy_1w,60,499,32,stratum,cascade_bias,0.07059130693348604,0.41293926626707556,0.1709484001645654,0.03984727496326723
spy_1w,60,499,32,stratum,scaling_exponent,0.2627028965425467,0.3788046755487493,0.6935048944736133,5.551115123125783e-17
spy_1w,60,499,32,carrier,carrier_price_structure,0.056554123824187244,0.15549729741967933,0.36369843568117155,0.0001677073326751266
spy_1w,60,499,32,carrier,carrier_realized_volatility,0.6209330613345427,0.33545523318063664,1.8510161712104858,0.4792878503782612
spy_1w,60,499,32,carrier,carrier_participation,0.007248011484603542,0.1841789561638541,0.039353092424714235,0.005506446393625297
spy_1w,60,499,32,carrier,carrier_liquidity_stress,5.5417516185343046e-05,5.014341379450116e-05,1.105180361521781,4.1728853722888815e-05
spy_1w,60,499,32,carrier_ratio,ratio_realized_volatility,1.3572545679735695,0.376788304706863,3.602167453232122,0.8497427669425527
spy_1w,60,499,32,carrier_ratio,ratio_participation,0.008482512798438438,0.1839603180486573,0.046110557365935965,0.0053760991780213985
spy_1w,60,499,32,carrier_ratio,ratio_liquidity_stress,5.5417348037992836e-05,5.014297425109948e-05,1.1051866959562675,4.172937322877157e-05
spy_1w,96,499,32,derivative,pressure,0.0035747217225751116,0.19979932612440815,0.01789156045676178,0.0011918242546671565
spy_1w,96,499,32,derivative,velocity,0.004406427799042311,0.7074797982198333,0.006228344343018418,0.004837910462955508
spy_1w,96,499,32,derivative,acceleration,0.005728752254757807,0.5355841728499957,0.010696268756922906,0.0019771307015764017
spy_1w,96,499,32,derivative,jerk,0.005493807239930636,0.6222345757564816,0.008829157771008692,0.0005637785790164329
spy_1w,96,499,32,derivative,snap,0.00294944179259622,0.6156486580206912,0.004790787333279776,0.00205970102258185
spy_1w,96,499,32,stratum,structure,0.0014986298861701577,0.15549729741967933,0.009637658731298921,0.00018286780561760363
spy_1w,96,499,32,stratum,kinematics,0.0017552709825244348,0.08069702053856975,0.021751372861225894,0.00023500714009339063
spy_1w,96,499,32,stratum,geometry,0.001789053652741646,0.050507169851586264,0.035421775918126557,0.0003850248255778399
spy_1w,96,499,32,stratum,information,0.018335160383114574,0.1094041636169088,0.16759106579633692,0.00011958744890155915
spy_1w,96,499,32,stratum,propagation,0.005448498282110335,0.15428728064598585,0.03531398219800104,0.005561405685316323
spy_1w,96,499,32,stratum,cascade_bias,0.00931318450995196,0.41293926626707556,0.02255340015044367,0.0013467611014948977
spy_1w,96,499,32,stratum,scaling_exponent,3.174543961037557e-16,0.3788046755487493,8.380424440217917e-16,5.551115123125783e-17
spy_1w,96,499,32,carrier,carrier_price_structure,0.0014986298861701577,0.15549729741967933,0.009637658731298921,0.00018286780561760363
spy_1w,96,499,32,carrier,carrier_realized_volatility,0.23363244299846384,0.33545523318063664,0.696463849388383,0.18627465228926793
spy_1w,96,499,32,carrier,carrier_participation,0.04272762520795602,0.1841789561638541,0.23198972400486162,0.030401421438240206
spy_1w,96,499,32,carrier,carrier_liquidity_stress,2.3570125684505006e-05,5.014341379450116e-05,0.4700542683651459,1.675376606791179e-05
spy_1w,96,499,32,carrier_ratio,ratio_realized_volatility,0.25680976937783484,0.376788304706863,0.6815757447079731,0.19867757497906446
spy_1w,96,499,32,carrier_ratio,ratio_participation,0.05222941206475264,0.1839603180486573,0.2839167306230576,0.030742806929860533
spy_1w,96,499,32,carrier_ratio,ratio_liquidity_stress,2.3569676937409967e-05,5.014297425109948e-05,0.470049439416593,1.675377469811945e-05
spy_1w,128,499,32,derivative,pressure,0.000725117291346783,0.19979932612440815,0.0036292279128873413,0.00025693489654643464
spy_1w,128,499,32,derivative,velocity,0.0007337924745205325,0.7074797982198333,0.0010371921238838302,0.0009279537682438666
spy_1w,128,499,32,derivative,acceleration,0.0010155519603846546,0.5355841728499957,0.0018961575264269176,0.0004395796545782482
spy_1w,128,499,32,derivative,jerk,0.0007999434828801757,0.6222345757564816,0.001285597930503371,0.00017549084316229036
spy_1w,128,499,32,derivative,snap,0.0005178475608324715,0.6156486580206912,0.0008411413784240999,0.00047403750026425717
spy_1w,128,499,32,stratum,structure,0.0003131286546139943,0.15549729741967933,0.002013724095595539,7.517141879320732e-05
spy_1w,128,499,32,stratum,kinematics,0.0002745504033926649,0.08069702053856975,0.0034022371775354636,4.375242715531913e-05
spy_1w,128,499,32,stratum,geometry,0.00043275294868480065,0.050507169851586264,0.008568148838203202,9.980735485848324e-05
spy_1w,128,499,32,stratum,information,0.003829833750568574,0.1094041636169088,0.035006288828084965,0.0014335713142928919
spy_1w,128,499,32,stratum,propagation,0.001439126640215357,0.15428728064598585,0.009327577971365323,0.00141728874344349
spy_1w,128,499,32,stratum,cascade_bias,0.0015256473878260445,0.41293926626707556,0.003694604782000329,0.0005536044858575062
spy_1w,128,499,32,stratum,scaling_exponent,2.96637714392034e-16,0.3788046755487493,7.830888411351168e-16,5.551115123125783e-17
spy_1w,128,499,32,carrier,carrier_price_structure,0.0003131286546139943,0.15549729741967933,0.002013724095595539,7.517141879320732e-05
spy_1w,128,499,32,carrier,carrier_realized_volatility,0.11707072655001172,0.33545523318063664,0.34899061028203193,0.09885363774455774
spy_1w,128,499,32,carrier,carrier_participation,0.030353853609281813,0.1841789561638541,0.1648063070912272,0.021378902888709972
spy_1w,128,499,32,carrier,carrier_liquidity_stress,1.2741492445988642e-05,5.014341379450116e-05,0.254101017098798,9.0567347302839e-06
spy_1w,128,499,32,carrier_ratio,ratio_realized_volatility,0.1240848898556773,0.376788304706863,0.3293225620477099,0.10008011634925074
spy_1w,128,499,32,carrier_ratio,ratio_participation,0.03649934421892474,0.1839603180486573,0.19840879058097033,0.02147966168942861
spy_1w,128,499,32,carrier_ratio,ratio_liquidity_stress,1.2741177795923958e-05,5.014297425109948e-05,0.25409696944023186,9.056701622767172e-06
spy_1w,192,499,32,derivative,pressure,2.0893480828483926e-06,0.19979932612440815,1.0457232881493442e-05,8.615029671033003e-07
spy_1w,192,499,32,derivative,velocity,2.8074586329045106e-06,0.7074797982198333,3.968252718973265e-06,2.3920179799824526e-06
spy_1w,192,499,32,derivative,acceleration,3.679299799683427e-06,0.5355841728499957,6.869694785984482e-06,1.992451217902591e-06
spy_1w,192,499,32,derivative,jerk,3.173841547921821e-06,0.6222345757564816,5.100715504379074e-06,1.1993137510879492e-06
spy_1w,192,499,32,derivative,snap,1.8895619065658004e-06,0.6156486580206912,3.0692211896323087e-06,1.7271735870960647e-06
spy_1w,192,499,32,stratum,structure,1.6747159020460978e-06,0.15549729741967933,1.0770064366624484e-05,7.449779140245028e-07
spy_1w,192,499,32,stratum,kinematics,1.0045134170213327e-06,0.08069702053856975,1.2447961651089929e-05,1.6479429415516833e-07
spy_1w,192,499,32,stratum,geometry,3.0932500922238593e-06,0.050507169851586264,6.12437818494538e-05,3.189042591111857e-07
spy_1w,192,499,32,stratum,information,5.438256963728044e-07,0.1094041636169088,4.970795245755658e-06,9.077862392348202e-07
spy_1w,192,499,32,stratum,propagation,2.451755038713685e-05,0.15428728064598585,0.0001589084355138301,7.062088709930414e-07
spy_1w,192,499,32,stratum,cascade_bias,1.77100180364779e-05,0.41293926626707556,4.288770645759719e-05,1.2071483422859686e-06
spy_1w,192,499,32,stratum,scaling_exponent,3.0010716134398763e-16,0.3788046755487493,7.922477749495626e-16,5.551115123125783e-17
spy_1w,192,499,32,carrier,carrier_price_structure,1.6747159020460978e-06,0.15549729741967933,1.0770064366624484e-05,7.449779140245028e-07
spy_1w,192,499,32,carrier,carrier_realized_volatility,0.039554668626889215,0.33545523318063664,0.11791340457517839,0.03489592789664653
spy_1w,192,499,32,carrier,carrier_participation,0.0031409005474819403,0.1841789561638541,0.017053525619331072,0.002188968646999634
spy_1w,192,499,32,carrier,carrier_liquidity_stress,4.819469395447515e-06,5.014341379450116e-05,0.0961137072796593,3.425714331262153e-06
spy_1w,192,499,32,carrier_ratio,ratio_realized_volatility,0.04168496203071766,0.376788304706863,0.1106323139810512,0.034515133572070034
spy_1w,192,499,32,carrier_ratio,ratio_participation,0.0036631496493934497,0.1839603180486573,0.019912716439338566,0.0021788557900814798
spy_1w,192,499,32,carrier_ratio,ratio_liquidity_stress,4.819330608529793e-06,5.014297425109948e-05,0.096111781969617,3.425691700420508e-06
spy_1w,256,499,32,derivative,pressure,1.7906910256037037e-06,0.19979932612440815,8.962447773666175e-06,7.272339707931064e-07
spy_1w,256,499,32,derivative,velocity,2.3474996075246047e-06,0.7074797982198333,3.318115391324817e-06,2.0974623714531404e-06
spy_1w,256,499,32,derivative,acceleration,3.0354177448152215e-06,0.5355841728499957,5.6674896284983565e-06,1.6478205209224939e-06
spy_1w,256,499,32,derivative,jerk,2.6248481975492052e-06,0.6222345757564816,4.218422279665264e-06,9.958520517730496e-07
spy_1w,256,499,32,derivative,snap,1.5778891478235128e-06,0.6156486580206912,2.562970173436944e-06,1.4158850766277098e-06
spy_1w,256,499,32,stratum,structure,1.4574130017142722e-06,0.15549729741967933,9.372593774287848e-06,6.512310311013181e-07
spy_1w,256,499,32,stratum,kinematics,8.273338546922748e-07,0.08069702053856975,1.025234697849649e-05,1.2247912423157814e-07
spy_1w,256,499,32,stratum,geometry,2.567065546701941e-06,0.050507169851586264,5.0825765019999784e-05,3.0850681737026875e-07
spy_1w,256,499,32,stratum,information,4.6326540668190086e-07,0.1094041636169088,4.234440366493525e-06,7.772806081551842e-07
spy_1w,256,499,32,stratum,propagation,2.00397052752474e-05,0.15428728064598585,0.0001298856599931187,8.471996263970105e-07
spy_1w,256,499,32,stratum,cascade_bias,1.4195764330298972e-05,0.41293926626707556,3.4377366092178836e-05,7.950127715039557e-07
spy_1w,256,499,32,stratum,scaling_exponent,2.7929047963226594e-16,0.3788046755487493,7.372941720628878e-16,5.551115123125783e-17
spy_1w,256,499,32,carrier,carrier_price_structure,1.4574130017142722e-06,0.15549729741967933,9.372593774287848e-06,6.512310311013181e-07
spy_1w,256,499,32,carrier,carrier_realized_volatility,0.007804793969141706,0.33545523318063664,0.023266275786310252,0.007024804953607133
spy_1w,256,499,32,carrier,carrier_participation,0.002328812096947958,0.1841789561638541,0.012644289800818173,0.001609327909623759
spy_1w,256,499,32,carrier,carrier_liquidity_stress,1.155157599023321e-06,5.014341379450116e-05,0.023037075292827353,8.210950182552246e-07
spy_1w,256,499,32,carrier_ratio,ratio_realized_volatility,0.00824157448658959,0.376788304706863,0.021873222665447223,0.006902156967043105
spy_1w,256,499,32,carrier_ratio,ratio_participation,0.0027135814724423314,0.1839603180486573,0.014750906615222267,0.0015970860926511898
spy_1w,256,499,32,carrier_ratio,ratio_liquidity_stress,1.1551221205940987e-06,5.014297425109948e-05,0.023036569685907102,8.210885376058741e-07
spy_1w,365,499,32,derivative,pressure,5.793254800358361e-09,0.19979932612440815,2.899536706520772e-08,2.458803494143069e-09
spy_1w,365,499,32,derivative,velocity,8.348323561309726e-09,0.7074797982198333,1.1800087553476224e-08,6.726669860013246e-09
spy_1w,365,499,32,derivative,acceleration,1.065322961351636e-08,0.5355841728499957,1.9890859651112345e-08,6.050961343095906e-09
spy_1w,365,499,32,derivative,jerk,9.140437835656115e-09,0.6222345757564816,1.4689697731026325e-08,4.088951531533436e-09
spy_1w,365,499,32,derivative,snap,5.7112000562825616e-09,0.6156486580206912,9.276719735967677e-09,4.723440860665562e-09
spy_1w,365,499,32,stratum,structure,6.205020882527057e-09,0.15549729741967933,3.990436480564688e-08,3.101127243887447e-09
spy_1w,365,499,32,stratum,kinematics,2.8808494877824442e-09,0.08069702053856975,3.5699576868584886e-08,3.244683965952788e-10
spy_1w,365,499,32,stratum,geometry,1.1063590720644667e-08,0.050507169851586264,2.1904990426418035e-07,1.4849520502124847e-09
spy_1w,365,499,32,stratum,information,2.119569318670411e-09,0.1094041636169088,1.937375369087712e-08,3.007362525675461e-09
spy_1w,365,499,32,stratum,propagation,1.0693524822753819e-07,0.15428728064598585,6.930917946042649e-07,4.3176323627491797e-10
spy_1w,365,499,32,stratum,cascade_bias,7.640637732404809e-08,0.41293926626707556,1.8503054459982246e-07,4.8187193679716245e-09
spy_1w,365,499,32,stratum,scaling_exponent,3.122502256758253e-17,0.3788046755487493,8.24304043300123e-17,0.0
spy_1w,365,499,32,carrier,carrier_price_structure,6.205020882527057e-09,0.15549729741967933,3.990436480564688e-08,3.101127243887447e-09
spy_1w,365,499,32,carrier,carrier_realized_volatility,0.0006247097914291073,0.33545523318063664,0.001862274693126377,0.0005654395244766852
spy_1w,365,499,32,carrier,carrier_participation,0.00032014117398564135,0.1841789561638541,0.0017382071255786084,0.0002215407029949601
spy_1w,365,499,32,carrier,carrier_liquidity_stress,1.1239118384576141e-07,5.014341379450116e-05,0.0022413947384269735,7.988853634177673e-08
spy_1w,365,499,32,carrier_ratio,ratio_realized_volatility,0.0006604025038132559,0.376788304706863,0.0017527149743329787,0.0005549931784255557
spy_1w,365,499,32,carrier_ratio,ratio_participation,0.00037229931591540796,0.1839603180486573,0.002023802306195922,0.0002200797995607351
spy_1w,365,499,32,carrier_ratio,ratio_liquidity_stress,1.1238767640489589e-07,5.014297425109948e-05,0.0022413444372504803,7.98879037366973e-08
qqq_1d,60,749,32,derivative,pressure,0.09923533802424789,0.1524887525156356,0.6507715250281996,0.00444895362910749
qqq_1d,60,749,32,derivative,velocity,0.34462393359653487,0.7275535633061336,0.473674999309332,0.07055402812304107
qqq_1d,60,749,32,derivative,acceleration,0.18231525188609368,0.5098994663616205,0.3575513682863825,0.07888565696512709
qqq_1d,60,749,32,derivative,jerk,0.16952059213742787,0.549435242375043,0.308536073158761,0.11728624036361127
qqq_1d,60,749,32,derivative,snap,0.1599901705888444,0.5461495017463074,0.2929420791876171,0.02587422428791071
qqq_1d,60,749,32,stratum,structure,0.06441669733492922,0.1189674402092103,0.5414649354617463,0.0004916787979700188
qqq_1d,60,749,32,stratum,kinematics,0.0446269671162399,0.07838188448809197,0.5693530770240639,0.0021272192932338396
qqq_1d,60,749,32,stratum,geometry,0.040028889294639144,0.055311839203140145,0.723694779839587,0.013549722096805772
qqq_1d,60,749,32,stratum,information,0.14936724041873778,0.12706866609426898,1.1754844448270674,0.1302884335890589
qqq_1d,60,749,32,stratum,propagation,0.10707239946645053,0.15631657953671052,0.6849714840472496,0.04251437936141933
qqq_1d,60,749,32,stratum,cascade_bias,0.059626107484411564,0.3633203828556165,0.16411440232382166,0.04203148066557083
qqq_1d,60,749,32,stratum,scaling_exponent,0.08661231318593858,0.2890050367162237,0.2996913623722893,2.220446049250313e-16
qqq_1d,60,749,32,carrier,carrier_price_structure,0.06441669733492922,0.1189674402092103,0.5414649354617463,0.0004916787979700188
qqq_1d,60,749,32,carrier,carrier_realized_volatility,0.24199199731530902,0.27721020264805046,0.8729548732466571,0.2397715801976097
qqq_1d,60,749,32,carrier,carrier_participation,0.16990566607292984,0.1768056670902265,0.9609740958485483,0.12034639366694705
qqq_1d,60,749,32,carrier,carrier_liquidity_stress,0.0001094338798578974,9.073207708820696e-05,1.2061211797400948,8.045430513292651e-05
qqq_1d,60,749,32,carrier_ratio,ratio_realized_volatility,1.3711012932675584,0.2912839066842353,4.707095935629197,0.542083244230849
qqq_1d,60,749,32,carrier_ratio,ratio_participation,0.17070342754358614,0.18394224482973742,0.9280273147780406,0.1166240138020076
qqq_1d,60,749,32,carrier_ratio,ratio_liquidity_stress,0.00010944850637581438,9.073296140460485e-05,1.2062706284626976,8.046636323588707e-05
qqq_1d,96,749,32,derivative,pressure,0.000187325553745287,0.1524887525156356,0.001228454890311201,3.508324031650627e-05
qqq_1d,96,749,32,derivative,velocity,0.0018086302943207235,0.7275535633061336,0.0024859067229386985,0.0002703465471347588
qqq_1d,96,749,32,derivative,acceleration,0.002294539810561884,0.5098994663616205,0.004499984726272683,0.0003185443965819934
qqq_1d,96,749,32,derivative,jerk,0.0020798400640291885,0.549435242375043,0.0037854143739281566,0.0007738658723323577
qqq_1d,96,749,32,derivative,snap,0.003034648540565856,0.5461495017463074,0.005556442935245018,0.0005057022860741056
qqq_1d,96,749,32,stratum,structure,4.401190089399834e-05,0.1189674402092103,0.0003699491290776802,1.184378544788478e-05
qqq_1d,96,749,32,stratum,kinematics,0.00048492580437799193,0.07838188448809197,0.006186707649924689,5.0219001289708576e-05
qqq_1d,96,749,32,stratum,geometry,0.001481672150742453,0.055311839203140145,0.026787613141931756,0.00010799664737443093
qqq_1d,96,749,32,stratum,information,0.007872646725099283,0.12706866609426898,0.06195584613486671,1.1930219014549825e-05
qqq_1d,96,749,32,stratum,propagation,0.0035241761173546837,0.15631657953671052,0.022545120471543074,0.0003628288637077537
qqq_1d,96,749,32,stratum,cascade_bias,0.0017267607913191065,0.3633203828556165,0.004752722040385279,7.637567120166722e-05
qqq_1d,96,749,32,stratum,scaling_exponent,1.6653345369377348e-16,0.2890050367162237,5.762302816102613e-16,2.220446049250313e-16
qqq_1d,96,749,32,carrier,carrier_price_structure,4.401190089399834e-05,0.1189674402092103,0.0003699491290776802,1.184378544788478e-05
qqq_1d,96,749,32,carrier,carrier_realized_volatility,0.1338285566718161,0.27721020264805046,0.48276923213294026,0.1059273354909197
qqq_1d,96,749,32,carrier,carrier_participation,0.05071989960237991,0.1768056670902265,0.28686806501794315,0.0373367289145648
qqq_1d,96,749,32,carrier,carrier_liquidity_stress,4.7434660412279395e-05,9.073207708820696e-05,0.5227992341249376,3.371516587058476e-05
qqq_1d,96,749,32,carrier_ratio,ratio_realized_volatility,0.3147833992579593,0.2912839066842353,1.080675560971511,0.16507045258139041
qqq_1d,96,749,32,carrier_ratio,ratio_participation,0.049419194506019996,0.18394224482973742,0.2686669098322896,0.03593255058100275
qqq_1d,96,749,32,carrier_ratio,ratio_liquidity_stress,4.743944355941471e-05,9.073296140460485e-05,0.5228468554869309,3.37194258508422e-05
qqq_1d,128,749,32,derivative,pressure,0.00012168636650955182,0.1524887525156356,0.0007980022428019705,2.1540545633759976e-05
qqq_1d,128,749,32,derivative,velocity,8.853409104312739e-05,0.7275535633061336,0.00012168738565558338,5.8717151584175564e-05
qqq_1d,128,749,32,derivative,acceleration,0.0001618605400289554,0.5098994663616205,0.00031743618243790033,0.00023217469493291842
qqq_1d,128,749,32,derivative,jerk,0.00014445992758820654,0.549435242375043,0.0002629243929889713,0.000324069305464747
qqq_1d,128,749,32,derivative,snap,0.0001269493645340399,0.5461495017463074,0.00023244434743256308,0.00015462994271273067
qqq_1d,128,749,32,stratum,structure,3.44624839685153e-05,0.1189674402092103,0.00028967996544189965,1.220250413336288e-05
qqq_1d,128,749,32,stratum,kinematics,2.9008469308934234e-05,0.07838188448809197,0.0003700915013511993,3.393173003940486e-05
qqq_1d,128,749,32,stratum,geometry,8.72186126229229e-05,0.055311839203140145,0.0015768525125805497,1.0354867248096866e-05
qqq_1d,128,749,32,stratum,information,3.686321239488536e-05,0.12706866609426898,0.0002901046617388546,8.065413843655334e-06
qqq_1d,128,749,32,stratum,propagation,0.00022836179405601002,0.15631657953671052,0.0014608929822596322,4.277129248964062e-05
qqq_1d,128,749,32,stratum,cascade_bias,7.0464250224141e-05,0.3633203828556165,0.00019394521625874068,1.5556476717026868e-05
qqq_1d,128,749,32,stratum,scaling_exponent,1.2750217548429532e-16,0.2890050367162237,4.411763093578563e-16,2.220446049250313e-16
qqq_1d,128,749,32,carrier,carrier_price_structure,3.44624839685153e-05,0.1189674402092103,0.00028967996544189965,1.220250413336288e-05
qqq_1d,128,749,32,carrier,carrier_realized_volatility,0.06849787902652463,0.27721020264805046,0.24709725101096078,0.05148236284599206
qqq_1d,128,749,32,carrier,carrier_participation,0.007669873225415519,0.1768056670902265,0.043380245393952625,0.005758995555749324
qqq_1d,128,749,32,carrier,carrier_liquidity_stress,2.4096502228260208e-05,9.073207708820696e-05,0.2655786465114683,1.7127153359886016e-05
qqq_1d,128,749,32,carrier_ratio,ratio_realized_volatility,0.1317948539907932,0.2912839066842353,0.452461845527445,0.07332992048906917
qqq_1d,128,749,32,carrier_ratio,ratio_participation,0.0074188244613782525,0.18394224482973742,0.04033235795423364,0.00547757364431356
qqq_1d,128,749,32,carrier_ratio,ratio_liquidity_stress,2.4098639239938935e-05,9.073296140460485e-05,0.2655996108456776,1.712917152185689e-05
qqq_1d,192,749,32,derivative,pressure,6.710119700248162e-06,0.1524887525156356,4.400403039273426e-05,1.1170501138706504e-06
qqq_1d,192,749,32,derivative,velocity,4.256309684073315e-06,0.7275535633061336,5.8501667763564815e-06,5.617779016975355e-07
qqq_1d,192,749,32,derivative,acceleration,7.600461829516031e-06,0.5098994663616205,1.4905804635860877e-05,8.327224713867987e-06
qqq_1d,192,749,32,derivative,jerk,5.207116670168013e-06,0.549435242375043,9.477216364314775e-06,1.0065078196494492e-05
qqq_1d,192,749,32,derivative,snap,6.368124557803285e-06,0.5461495017463074,1.1660039123795356e-05,6.0779187179560434e-06
qqq_1d,192,749,32,stratum,structure,4.1965688498801085e-06,0.1189674402092103,3.527493608755663e-05,1.3204755452411732e-06
qqq_1d,192,749,32,stratum,kinematics,1.396250569237964e-06,0.07838188448809197,1.7813434550046917e-05,3.037843906983362e-07
qqq_1d,192,749,32,stratum,geometry,1.027488493516096e-05,0.055311839203140145,0.00018576285083244236,4.694911829139503e-06
qqq_1d,192,749,32,stratum,information,2.648693098651015e-06,0.12706866609426898,2.0844580966058287e-05,1.1695385772614308e-06
qqq_1d,192,749,32,stratum,propagation,2.1535091910536083e-05,0.15631657953671052,0.00013776588493915085,2.4573190826604474e-07
qqq_1d,192,749,32,stratum,cascade_bias,9.219120027534333e-06,0.3633203828556165,2.537462928744631e-05,3.080159986845743e-06
qqq_1d,192,749,32,stratum,scaling_exponent,1.3183898417423734e-16,0.2890050367162237,4.561823062747902e-16,2.220446049250313e-16
qqq_1d,192,749,32,carrier,carrier_price_structure,4.1965688498801085e-06,0.1189674402092103,3.527493608755663e-05,1.3204755452411732e-06
qqq_1d,192,749,32,carrier,carrier_realized_volatility,0.020229356460111828,0.27721020264805046,0.07297479049064898,0.014854878287158368
qqq_1d,192,749,32,carrier,carrier_participation,0.010618915978354763,0.1768056670902265,0.06005981682100595,0.007700084566865273
qqq_1d,192,749,32,carrier,carrier_liquidity_stress,7.672903277793075e-06,9.073207708820696e-05,0.08456660008272171,5.453710630431985e-06
qqq_1d,192,749,32,carrier_ratio,ratio_realized_volatility,0.035008512559083646,0.2912839066842353,0.12018690959481819,0.020113249553713963
qqq_1d,192,749,32,carrier_ratio,ratio_participation,0.010310306639006166,0.18394224482973742,0.05605186915354709,0.007381005309343935
qqq_1d,192,749,32,carrier_ratio,ratio_liquidity_stress,7.67351778494657e-06,9.073296140460485e-05,0.08457254856620526,5.454321030828879e-06
qqq_1d,256,749,32,derivative,pressure,1.1889214885036964e-06,0.1524887525156356,7.796781525783609e-06,1.9785312533552452e-07
qqq_1d,256,749,32,derivative,velocity,7.534115509170818e-07,0.7275535633061336,1.0355410088206356e-06,2.2458850557072196e-07
qqq_1d,256,749,32,derivative,acceleration,1.3368887740527015e-06,0.5098994663616205,2.6218673723901888e-06,1.3856985657673127e-06
qqq_1d,256,749,32,derivative,jerk,9.193373073966907e-07,0.549435242375043,1.6732405140643554e-06,1.5560321912078123e-06
qqq_1d,256,749,32,derivative,snap,1.1897010871751495e-06,0.5461495017463074,2.1783432620026067e-06,9.87928906584501e-07
qqq_1d,256,749,32,stratum,structure,8.896140153719784e-07,0.1189674402092103,7.477794040180632e-06,2.710300757713391e-07
qqq_1d,256,749,32,stratum,kinematics,2.585829216045915e-07,0.07838188448809197,3.299013838380937e-06,1.1703471469726168e-08
qqq_1d,256,749,32,stratum,geometry,2.086823730753848e-06,0.055311839203140145,3.772833738342542e-05,9.677816130149175e-07
qqq_1d,256,749,32,stratum,information,5.188107598543511e-07,0.12706866609426898,4.082916550563761e-06,2.373853051906849e-07
qqq_1d,256,749,32,stratum,propagation,4.324211966786132e-06,0.15631657953671052,2.766316906115901e-05,3.6727552554793874e-08
qqq_1d,256,749,32,stratum,cascade_bias,1.9586193174929434e-06,0.3633203828556165,5.3908875194357e-06,5.784981018663871e-07
qqq_1d,256,749,32,stratum,scaling_exponent,1.3270634591222574e-16,0.2890050367162237,4.59183505658177e-16,2.220446049250313e-16
qqq_1d,256,749,32,carrier,carrier_price_structure,8.896140153719784e-07,0.1189674402092103,7.477794040180632e-06,2.710300757713391e-07
qqq_1d,256,749,32,carrier,carrier_realized_volatility,0.007367959631853865,0.27721020264805046,0.02657896268417046,0.005365868868700163
qqq_1d,256,749,32,carrier,carrier_participation,0.00029190334082985787,0.1768056670902265,0.0016509840755324623,0.00021063186994574323
qqq_1d,256,749,32,carrier,carrier_liquidity_stress,3.4892929834141884e-06,9.073207708820696e-05,0.03845710464692662,2.480106053526221e-06
qqq_1d,256,749,32,carrier_ratio,ratio_realized_volatility,0.012402234419874206,0.2912839066842353,0.042577822307631914,0.007201978541756304
qqq_1d,256,749,32,carrier_ratio,ratio_participation,0.00028340994198687575,0.18394224482973742,0.0015407550465049978,0.0002017865419087217
qqq_1d,256,749,32,carrier_ratio,ratio_liquidity_stress,3.4895633567108564e-06,9.073296140460485e-05,0.03845970970957149,2.4803784335336587e-06
qqq_1d,365,749,32,derivative,pressure,2.489416983886489e-09,0.1524887525156356,1.6325249848386253e-08,4.198741441335807e-10
qqq_1d,365,749,32,derivative,velocity,1.6400304178945668e-09,0.7275535633061336,2.2541713773512083e-09,9.98904292615066e-10
qqq_1d,365,749,32,derivative,acceleration,2.8900810891869817e-09,0.5098994663616205,5.6679429570874215e-09,2.191391651473751e-09
qqq_1d,365,749,32,derivative,jerk,2.083064041787444e-09,0.549435242375043,3.791282176918586e-09,2.2526499693364954e-09
qqq_1d,365,749,32,derivative,snap,2.8745442960621467e-09,0.5461495017463074,5.263291986664495e-09,2.0061900196655102e-09
qqq_1d,365,749,32,stratum,structure,2.855749891769732e-09,0.1189674402092103,2.400446615265278e-08,8.219975256018586e-10
qqq_1d,365,749,32,stratum,kinematics,6.456188188230794e-10,0.07838188448809197,8.236837160009388e-09,1.9085805158525204e-10
qqq_1d,365,749,32,stratum,geometry,6.551455891679048e-09,0.055311839203140145,1.184458153274916e-07,3.071930432252401e-09
qqq_1d,365,749,32,stratum,information,1.4506328213301223e-09,0.12706866609426898,1.1416133228737406e-08,6.724990009310261e-10
qqq_1d,365,749,32,stratum,propagation,1.2481999893745876e-08,0.15631657953671052,7.985077418364642e-08,2.4137225551612573e-10
qqq_1d,365,749,32,stratum,cascade_bias,6.2259440103407115e-09,0.3633203828556165,1.7136236512265543e-08,1.1823109158370926e-09
qqq_1d,365,749,32,stratum,scaling_exponent,4.85722573273506e-17,0.2890050367162237,1.6806716546965954e-16,0.0
qqq_1d,365,749,32,carrier,carrier_price_structure,2.855749891769732e-09,0.1189674402092103,2.400446615265278e-08,8.219975256018586e-10
qqq_1d,365,749,32,carrier,carrier_realized_volatility,0.0006390417366365676,0.27721020264805046,0.0023052605226363296,0.00046747551126724574
qqq_1d,365,749,32,carrier,carrier_participation,0.00015628118134571305,0.1768056670902265,0.0008839150006767629,0.00011195309174327761
qqq_1d,365,749,32,carrier,carrier_liquidity_stress,4.0471637326525145e-07,9.073207708820696e-05,0.004460565505094725,2.87662750286799e-07
qqq_1d,365,749,32,carrier_ratio,ratio_realized_volatility,0.0010695536410151134,0.2912839066842353,0.0036718597096219155,0.0006198830735100191
qqq_1d,365,749,32,carrier_ratio,ratio_participation,0.00015186948260552044,0.18394224482973742,0.0008256367793385118,0.00010740673678211188
qqq_1d,365,749,32,carrier_ratio,ratio_liquidity_stress,4.0474729147421673e-07,9.073296140460485e-05,0.004460862791299515,2.8769424020858025e-07
iwm_1d,60,749,32,derivative,pressure,0.054732438366444314,0.11208490652043229,0.4883122988238115,0.006512358399998919
iwm_1d,60,749,32,derivative,velocity,0.32465928307375413,0.7208543342861479,0.4503812596136496,0.00284112057701158
iwm_1d,60,749,32,derivative,acceleration,0.16966458907286608,0.5475011076948881,0.30988903344359425,0.014856405305509746
iwm_1d,60,749,32,derivative,jerk,0.15431518235872965,0.5426916744939301,0.28435148282426,0.00619453744562487
iwm_1d,60,749,32,derivative,snap,0.15394079853749404,0.5376220785873917,0.2863364520705237,0.00553956278405332
iwm_1d,60,749,32,stratum,structure,0.03284877996047926,0.07596158308710527,0.4324393808750867,0.002710314757436383
iwm_1d,60,749,32,stratum,kinematics,0.043693148758517784,0.08035584160595427,0.543745767392724,0.0010030766048706452
iwm_1d,60,749,32,stratum,geometry,0.03658999322642595,0.05801779586824174,0.6306684471351123,0.010349410170272078
iwm_1d,60,749,32,stratum,information,0.19480346833198933,0.1087315439799274,1.7916003139618013,0.014620616324946545
iwm_1d,60,749,32,stratum,propagation,0.08011949721157959,0.14928497753780667,0.5366882758935955,0.003769986233912337
iwm_1d,60,749,32,stratum,cascade_bias,0.10057059676352188,0.30906451173148475,0.3254032506032191,0.009131543346746485
iwm_1d,60,749,32,stratum,scaling_exponent,0.07718605416823454,0.23656590565658742,0.3262771697975879,1.1102230246251565e-16
iwm_1d,60,749,32,carrier,carrier_price_structure,0.03284877996047926,0.07596158308710527,0.4324393808750867,0.002710314757436383
iwm_1d,60,749,32,carrier,carrier_realized_volatility,0.41556378440174035,0.22431046625212164,1.8526277054529092,0.3920532125466171
iwm_1d,60,749,32,carrier,carrier_participation,0.31928388935925034,0.18463564977963182,1.7292645799461006,0.22074747112404713
iwm_1d,60,749,32,carrier,carrier_liquidity_stress,0.0003960731125645361,0.00024849100243790057,1.5939132953657635,0.000277340938551085
iwm_1d,60,749,32,carrier_ratio,ratio_realized_volatility,1.1628951772573202,0.22932978327042863,5.070842350581299,0.48189540975299383
iwm_1d,60,749,32,carrier_ratio,ratio_participation,0.324181547802964,0.18486511554448426,1.753611257852247,0.215741163424364
iwm_1d,60,749,32,carrier_ratio,ratio_liquidity_stress,0.0003962160721282283,0.0002484906315449731,1.5944909860978769,0.00027737623196222305
iwm_1d,96,749,32,derivative,pressure,0.00017050008443886223,0.11208490652043229,0.0015211689935056623,4.685789856926498e-05
iwm_1d,96,749,32,derivative,velocity,0.001638098055613718,0.7208543342861479,0.002272439767232452,3.222877280700809e-05
iwm_1d,96,749,32,derivative,acceleration,0.00245111499329734,0.5475011076948881,0.004476913304554079,0.0001407673494600581
iwm_1d,96,749,32,derivative,jerk,0.0014088313083454266,0.5426916744939301,0.002596006857225491,0.00021366070503164858
iwm_1d,96,749,32,derivative,snap,0.00120196291490896,0.5376220785873917,0.0022357022949413305,6.948791038569047e-05
iwm_1d,96,749,32,stratum,structure,0.00010319401626860715,0.07596158308710527,0.0013585027072207593,4.962660902319005e-05
iwm_1d,96,749,32,stratum,kinematics,0.00034896274342610493,0.08035584160595427,0.0043427177968881755,2.5028271848581696e-05
iwm_1d,96,749,32,stratum,geometry,0.0013308285792253544,0.05801779586824174,0.022938282285794906,9.583963929948869e-05
iwm_1d,96,749,32,stratum,information,0.0036756616120094433,0.1087315439799274,0.033804924288465876,7.654999149731001e-06
iwm_1d,96,749,32,stratum,propagation,0.002778803671755932,0.14928497753780667,0.018614087750739656,0.0003912088460400476
iwm_1d,96,749,32,stratum,cascade_bias,0.0013438701537136829,0.30906451173148475,0.004348186552331305,0.0008142953410254505
iwm_1d,96,749,32,stratum,scaling_exponent,1.97758476261356e-16,0.23656590565658742,8.359551039803408e-16,1.1102230246251565e-16
iwm_1d,96,749,32,carrier,carrier_price_structure,0.00010319401626860715,0.07596158308710527,0.0013585027072207593,4.962660902319005e-05
iwm_1d,96,749,32,carrier,carrier_realized_volatility,0.20692179041512435,0.22431046625212164,0.9224794271638993,0.1403811207122731
iwm_1d,96,749,32,carrier,carrier_participation,0.012900617303354064,0.18463564977963182,0.0698706740477873,0.010073930717619084
iwm_1d,96,749,32,carrier,carrier_liquidity_stress,0.00019271141795891046,0.00024849100243790057,0.7755267436979745,0.00013697210326896192
iwm_1d,96,749,32,carrier_ratio,ratio_realized_volatility,0.2782667896102547,0.22932978327042863,1.213391412323095,0.14718804226270976
iwm_1d,96,749,32,carrier_ratio,ratio_participation,0.01301536453760676,0.18486511554448426,0.07040465422193112,0.01005261122631984
iwm_1d,96,749,32,carrier_ratio,ratio_liquidity_stress,0.0001927604372004045,0.0002484906315449731,0.7757251692022753,0.00013698024886699134
iwm_1d,128,749,32,derivative,pressure,0.0006609695196688565,0.11208490652043229,0.005897043055911961,0.00019764526636251167
iwm_1d,128,749,32,derivative,velocity,0.0017288687149994123,0.7208543342861479,0.002398360712794336,0.0003422289203569573
iwm_1d,128,749,32,derivative,acceleration,0.0009837208567659837,0.5475011076948881,0.0017967467881621025,0.0003925088576585689
iwm_1d,128,749,32,derivative,jerk,0.0007527673698961725,0.5426916744939301,0.0013870995360268643,0.0003615723324367215
iwm_1d,128,749,32,derivative,snap,0.0006213526148959149,0.5376220785873917,0.0011557423693024775,0.00030910315070237226
iwm_1d,128,749,32,stratum,structure,0.0001605977846020068,0.07596158308710527,0.0021141974413283232,0.00011708277752420226
iwm_1d,128,749,32,stratum,kinematics,0.00021264647119393666,0.08035584160595427,0.0026463100496999814,2.934823139555398e-05
iwm_1d,128,749,32,stratum,geometry,0.0003411685253023305,0.05801779586824174,0.005880411694320882,0.0002337214424226186
iwm_1d,128,749,32,stratum,information,0.0007889122991293542,0.1087315439799274,0.007255597320267915,2.0194642409987473e-06
iwm_1d,128,749,32,stratum,propagation,0.001664410226452421,0.14928497753780667,0.011149214434727071,0.0012002878273867923
iwm_1d,128,749,32,stratum,cascade_bias,0.0020598245208173632,0.30906451173148475,0.006664707343064152,0.001953715507061693
iwm_1d,128,749,32,stratum,scaling_exponent,2.6020852139652106e-16,0.23656590565658742,1.099940926289922e-15,1.1102230246251565e-16
iwm_1d,128,749,32,carrier,carrier_price_structure,0.0001605977846020068,0.07596158308710527,0.0021141974413283232,0.00011708277752420226
iwm_1d,128,749,32,carrier,carrier_realized_volatility,0.10487429579709381,0.22431046625212164,0.467540804267317,0.06554627584411171
iwm_1d,128,749,32,carrier,carrier_participation,0.008507586257231865,0.18463564977963182,0.04607770096070788,0.005734799089255088
iwm_1d,128,749,32,carrier,carrier_liquidity_stress,0.00011424632149377272,0.00024849100243790057,0.45976039523734297,8.120300621689003e-05
iwm_1d,128,749,32,carrier_ratio,ratio_realized_volatility,0.12247359423848306,0.22932978327042863,0.5340501023979978,0.0681367000161035
iwm_1d,128,749,32,carrier_ratio,ratio_participation,0.008386637572473238,0.18486511554448426,0.045366252836680554,0.005966413773349499
iwm_1d,128,749,32,carrier_ratio,ratio_liquidity_stress,0.00011427083945900543,0.0002484906315449731,0.459859749031722,8.120569632052987e-05
iwm_1d,192,749,32,derivative,pressure,1.814727586408509e-05,0.11208490652043229,0.0001619065084448009,5.2248088739936804e-06
iwm_1d,192,749,32,derivative,velocity,4.577420618692696e-05,0.7208543342861479,6.349993890548848e-05,8.070825956774108e-06
iwm_1d,192,749,32,derivative,acceleration,2.794428235334417e-05,0.5475011076948881,5.1039681857441986e-05,1.2414065472032831e-05
iwm_1d,192,749,32,derivative,jerk,2.1421395183474795e-05,0.5426916744939301,3.947249642893571e-05,1.2693227074422886e-05
iwm_1d,192,749,32,derivative,snap,1.782765476608997e-05,0.5376220785873917,3.316019835519468e-05,1.0781117111585692e-05
iwm_1d,192,749,32,stratum,structure,9.472036433678943e-06,0.07596158308710527,0.00012469508992219585,5.826766190208943e-06
iwm_1d,192,749,32,stratum,kinematics,6.472323049341172e-06,0.08035584160595427,8.054576891969955e-05,1.4708237486282805e-06
iwm_1d,192,749,32,stratum,geometry,2.1773806644115323e-05,0.05801779586824174,0.0003752953092799937,1.6511527465457032e-05
iwm_1d,192,749,32,stratum,information,7.239155861777508e-06,0.1087315439799274,6.657824948309302e-05,3.543687531748496e-07
iwm_1d,192,749,32,stratum,propagation,0.00011008191354402314,0.14928497753780667,0.0007373944475836138,6.575608325232185e-05
iwm_1d,192,749,32,stratum,cascade_bias,0.00012216913849629786,0.30906451173148475,0.00039528685390588747,0.0001120657448478446
iwm_1d,192,749,32,stratum,scaling_exponent,2.3592239273284576e-16,0.23656590565658742,9.972797731695293e-16,1.1102230246251565e-16
iwm_1d,192,749,32,carrier,carrier_price_structure,9.472036433678943e-06,0.07596158308710527,0.00012469508992219585,5.826766190208943e-06
iwm_1d,192,749,32,carrier,carrier_realized_volatility,0.030381217074463444,0.22431046625212164,0.13544270841252412,0.018208522207455557
iwm_1d,192,749,32,carrier,carrier_participation,0.006902903687114373,0.18463564977963182,0.03738662438891512,0.0048614627750522
iwm_1d,192,749,32,carrier,carrier_liquidity_stress,3.207253475897079e-05,0.00024849100243790057,0.12906919946522374,2.279655501929989e-05
iwm_1d,192,749,32,carrier_ratio,ratio_realized_volatility,0.03314827332266229,0.22932978327042863,0.14454412702066446,0.018990452716068695
iwm_1d,192,749,32,carrier_ratio,ratio_participation,0.006869985830785623,0.18486511554448426,0.03716215366296348,0.00501838745005756
iwm_1d,192,749,32,carrier_ratio,ratio_liquidity_stress,3.2078018545451253e-05,0.0002484906315449731,0.1290914604949427,2.27966219200626e-05
iwm_1d,256,749,32,derivative,pressure,1.2142885550477274e-06,0.11208490652043229,1.0833649174934818e-05,3.408285053976834e-07
iwm_1d,256,749,32,derivative,velocity,3.024940140261773e-06,0.7208543342861479,4.196326492587895e-06,4.759413740340612e-07
iwm_1d,256,749,32,derivative,acceleration,1.944492830095127e-06,0.5475011076948881,3.5515778922930614e-06,8.931102626896781e-07
iwm_1d,256,749,32,derivative,jerk,1.4863329990545248e-06,0.5426916744939301,2.738816659460563e-06,9.390268964626358e-07
iwm_1d,256,749,32,derivative,snap,1.2466089739551333e-06,0.5376220785873917,2.3187458692742174e-06,8.032034467808646e-07
iwm_1d,256,749,32,stratum,structure,8.692910875088278e-07,0.07596158308710527,1.144382531512028e-05,5.14370241289086e-07
iwm_1d,256,749,32,stratum,kinematics,4.525910508954706e-07,0.08035584160595427,5.632335395289222e-06,1.1823860246451545e-07
iwm_1d,256,749,32,stratum,geometry,2.01683571124725e-06,0.05801779586824174,3.4762363531139284e-05,1.585484405097759e-06
iwm_1d,256,749,32,stratum,information,5.892974237822757e-07,0.1087315439799274,5.419746673431438e-06,3.335711712404432e-08
iwm_1d,256,749,32,stratum,propagation,1.0366409800115217e-05,0.14928497753780667,6.944040834577549e-05,6.026147739035537e-06
iwm_1d,256,749,32,stratum,cascade_bias,1.1154243441488737e-05,0.30906451173148475,3.6090340424395096e-05,1.0264236274037941e-05
iwm_1d,256,749,32,stratum,scaling_exponent,9.020562075079397e-17,0.23656590565658742,3.8131285444717294e-16,1.1102230246251565e-16
iwm_1d,256,749,32,carrier,carrier_price_structure,8.692910875088278e-07,0.07596158308710527,1.144382531512028e-05,5.14370241289086e-07
iwm_1d,256,749,32,carrier,carrier_realized_volatility,0.009088826917445584,0.22431046625212164,0.04051896048055947,0.005402112041202944
iwm_1d,256,749,32,carrier,carrier_participation,0.002106659478036943,0.18463564977963182,0.011409819720900617,0.0014752053712861757
iwm_1d,256,749,32,carrier,carrier_liquidity_stress,1.2433923170377878e-05,0.00024849100243790057,0.050037719870703136,8.837818821216814e-06
iwm_1d,256,749,32,carrier_ratio,ratio_realized_volatility,0.009761597536748587,0.22932978327042863,0.042565764453008643,0.005641520801938693
iwm_1d,256,749,32,carrier_ratio,ratio_participation,0.002090783584763372,0.18486511554448426,0.011309778908829692,0.0015214132968045524
iwm_1d,256,749,32,carrier_ratio,ratio_liquidity_stress,1.2435938736961305e-05,0.0002484906315449731,0.05004590579387934,8.837797681127135e-06
iwm_1d,365,749,32,derivative,pressure,2.01879100329011e-09,0.11208490652043229,1.8011265441186756e-08,5.464259600351795e-10
iwm_1d,365,749,32,derivative,velocity,4.939289833041927e-09,0.7208543342861479,6.851994360182682e-09,5.758796772781238e-10
iwm_1d,365,749,32,derivative,acceleration,3.431576753494276e-09,0.5475011076948881,6.26770741696221e-09,1.5782407603026627e-09
iwm_1d,365,749,32,derivative,jerk,2.6061582374592093e-09,0.5426916744939301,4.80228158998293e-09,1.7588070444496395e-09
iwm_1d,365,749,32,derivative,snap,2.1827434539727422e-09,0.5376220785873917,4.059995935635541e-09,1.5155818267054144e-09
iwm_1d,365,749,32,stratum,structure,2.1032532937503845e-09,0.07596158308710527,2.768838152488977e-08,1.209571887095251e-09
iwm_1d,365,749,32,stratum,kinematics,7.918826878949847e-10,0.08035584160595427,9.854699696609327e-09,2.294558432147653e-10
iwm_1d,365,749,32,stratum,geometry,5.2821413527859296e-09,0.05801779586824174,9.104346819347737e-08,4.01023170226722e-09
iwm_1d,365,749,32,stratum,information,1.2561823421741725e-09,0.1087315439799274,1.1553062673386413e-08,6.272027341935882e-11
iwm_1d,365,749,32,stratum,propagation,2.484874389932501e-08,0.14928497753780667,1.664517375369e-07,1.5078236215160246e-08
iwm_1d,365,749,32,stratum,cascade_bias,2.650922503863104e-08,0.30906451173148475,8.577246507571291e-08,2.563402196065212e-08
iwm_1d,365,749,32,stratum,scaling_exponent,9.020562075079397e-17,0.23656590565658742,3.8131285444717294e-16,1.1102230246251565e-16
iwm_1d,365,749,32,carrier,carrier_price_structure,2.1032532937503845e-09,0.07596158308710527,2.768838152488977e-08,1.209571887095251e-09
iwm_1d,365,749,32,carrier,carrier_realized_volatility,0.0007964881588518394,0.22431046625212164,0.003550829224154875,0.0004705811195624965
iwm_1d,365,749,32,carrier,carrier_participation,0.0002185879998520563,0.18463564977963182,0.0011838883775313579,0.00015211639081547101
iwm_1d,365,749,32,carrier,carrier_liquidity_stress,1.1796238018925431e-06,0.00024849100243790057,0.004747148952354274,8.384587626419915e-07
iwm_1d,365,749,32,carrier_ratio,ratio_realized_volatility,0.0008516828239535125,0.22932978327042863,0.0037137907331870504,0.0004927773188794227
iwm_1d,365,749,32,carrier_ratio,ratio_participation,0.00021659159813107107,0.18486511554448426,0.0011716196292261124,0.00015701501423415198
iwm_1d,365,749,32,carrier_ratio,ratio_liquidity_stress,1.1798063712306628e-06,0.0002484906315449731,0.004747890751032742,8.384515249870717e-07
tlt_1d,60,749,32,derivative,pressure,0.003793610921188937,0.07394616549622426,0.051302334552866584,0.0009269150281154548
tlt_1d,60,749,32,derivative,velocity,0.08664947303378388,0.7297367907962087,0.11874072148567635,0.032167299669948746
tlt_1d,60,749,32,derivative,acceleration,0.1237037080515464,0.5478232299284469,0.22580953361124131,0.04682862290937562
tlt_1d,60,749,32,derivative,jerk,0.12546311475157979,0.5730972167084154,0.21892117269767483,0.004040225562036648
tlt_1d,60,749,32,derivative,snap,0.1428947772713614,0.5373670021202992,0.2659165462477948,0.007779133066175836
tlt_1d,60,749,32,stratum,structure,0.0020033247931968597,0.05120755943309713,0.039121661242500945,0.0006733721197727527
tlt_1d,60,749,32,stratum,kinematics,0.04115305063458142,0.07417687523035749,0.5547962287003861,0.006903444241635026
tlt_1d,60,749,32,stratum,geometry,0.023607891961043424,0.0646720560583049,0.36504007139899497,0.010205874982735286
tlt_1d,60,749,32,stratum,information,0.08541885518832404,0.09755636084671426,0.8755846819925835,0.007679473198174969
tlt_1d,60,749,32,stratum,propagation,0.038331190974314595,0.16582417548412787,0.23115562530255745,0.002543695735617635
tlt_1d,60,749,32,stratum,cascade_bias,0.09850177835150475,0.2712676465296489,0.3631165736557483,0.01874231400868115
tlt_1d,60,749,32,stratum,scaling_exponent,0.062148199066280524,0.19269125844427987,0.32252734020236723,0.0
tlt_1d,60,749,32,carrier,carrier_price_structure,0.0020033247931968597,0.05120755943309713,0.039121661242500945,0.0006733721197727527
tlt_1d,60,749,32,carrier,carrier_realized_volatility,0.4660995810234788,0.17655249110270055,2.6400056895960127,0.40043004789073816
tlt_1d,60,749,32,carrier,carrier_participation,0.2430779012100036,0.12041228737437448,2.018713426265617,0.1658590225336184
tlt_1d,60,749,32,carrier,carrier_liquidity_stress,0.000625865875639009,0.0003750309211058567,1.6688380621883476,0.0004513637786585645
tlt_1d,60,749,32,carrier_ratio,ratio_realized_volatility,1.1199590435564635,0.17393930447345374,6.438792238170581,0.5519292760025876
tlt_1d,60,749,32,carrier_ratio,ratio_participation,0.23949344866247713,0.11956593163230544,2.00302415071693,0.15857789434227854
tlt_1d,60,749,32,carrier_ratio,ratio_liquidity_stress,0.0006261339788971865,0.0003750112126783556,1.66964068734184,0.00045144076386360865
tlt_1d,96,749,32,derivative,pressure,0.000715428755623287,0.07394616549622426,0.00967499465080197,0.0004079413532810175
tlt_1d,96,749,32,derivative,velocity,0.006285219442145239,0.7297367907962087,0.008612995153070872,0.0031155011817309286
tlt_1d,96,749,32,derivative,acceleration,0.017271952201593603,0.5478232299284469,0.03152833114406184,0.003015277131477534
tlt_1d,96,749,32,derivative,jerk,0.020946546068754512,0.5730972167084154,0.03654972569760682,0.0030436110475045575
tlt_1d,96,749,32,derivative,snap,0.024121715991153415,0.5373670021202992,0.044888718317231804,0.0006188187344530263
tlt_1d,96,749,32,stratum,structure,0.0005236802167074162,0.05120755943309713,0.010226619321539947,0.0001993317834357855
tlt_1d,96,749,32,stratum,kinematics,0.004085493097494711,0.07417687523035749,0.055077719097860973,0.0003001964415854652
tlt_1d,96,749,32,stratum,geometry,0.0019444615680128674,0.0646720560583049,0.03006648754540669,0.001064102790218402
tlt_1d,96,749,32,stratum,information,0.0021761151027227792,0.09755636084671426,0.0223062349172906,0.00021533286026820253
tlt_1d,96,749,32,stratum,propagation,0.0060548345728416095,0.16582417548412787,0.03651358166060146,0.004351495136401984
tlt_1d,96,749,32,stratum,cascade_bias,0.010445145379229675,0.2712676465296489,0.03850494341236541,0.012464920413623515
tlt_1d,96,749,32,stratum,scaling_exponent,1.6132928326584306e-16,0.19269125844427987,8.372423563391398e-16,0.0
tlt_1d,96,749,32,carrier,carrier_price_structure,0.0005236802167074162,0.05120755943309713,0.010226619321539947,0.0001993317834357855
tlt_1d,96,749,32,carrier,carrier_realized_volatility,0.2337813676766689,0.17655249110270055,1.3241465255830251,0.16743995823115437
tlt_1d,96,749,32,carrier,carrier_participation,0.06433756000283805,0.12041228737437448,0.534310587446992,0.048355419567575664
tlt_1d,96,749,32,carrier,carrier_liquidity_stress,0.00025531332398306614,0.0003750309211058567,0.6807793960834528,0.00018146859766249301
tlt_1d,96,749,32,carrier_ratio,ratio_realized_volatility,0.2748829080725559,0.17393930447345374,1.580338089224152,0.17195749866462506
tlt_1d,96,749,32,carrier_ratio,ratio_participation,0.06378254082881457,0.11956593163230544,0.533450791191604,0.04809569211414921
tlt_1d,96,749,32,carrier_ratio,ratio_liquidity_stress,0.00025537489325811596,0.0003750112126783556,0.6809793537484149,0.0001814749797184323
tlt_1d,128,749,32,derivative,pressure,8.114237112196884e-05,0.07394616549622426,0.0010973168193029836,4.6777158214016124e-05
tlt_1d,128,749,32,derivative,velocity,0.0006873814522333478,0.7297367907962087,0.0009419580606362914,0.000359679941595914
tlt_1d,128,749,32,derivative,acceleration,0.0016693920791501355,0.5478232299284469,0.003047318894031165,0.0003008096703196461
tlt_1d,128,749,32,derivative,jerk,0.0018564277192388802,0.5730972167084154,0.003239289365077142,0.00031265801647711866
tlt_1d,128,749,32,derivative,snap,0.0018852796973314978,0.5373670021202992,0.0035083652138905327,0.0001043966465954782
tlt_1d,128,749,32,stratum,structure,6.319727252669834e-05,0.05120755943309713,0.00123413951428921,2.129988972265906e-05
tlt_1d,128,749,32,stratum,kinematics,0.0005711105756489795,0.07417687523035749,0.007699307552055629,0.00010364267167695118
tlt_1d,128,749,32,stratum,geometry,0.00027057879937725064,0.0646720560583049,0.004183859550302702,0.00013674606371549825
tlt_1d,128,749,32,stratum,information,0.000651412002574279,0.09755636084671426,0.006677288870971849,2.3223571703367973e-05
tlt_1d,128,749,32,stratum,propagation,0.001142900340771972,0.16582417548412787,0.006892241963122962,0.0006954987688413405
tlt_1d,128,749,32,stratum,cascade_bias,0.0015904441961246706,0.2712676465296489,0.005863007315731767,0.001578209202548586
tlt_1d,128,749,32,stratum,scaling_exponent,1.0061396160665481e-16,0.19269125844427987,5.221511469641947e-16,7.771561172376096e-16
tlt_1d,128,749,32,carrier,carrier_price_structure,6.319727252669834e-05,0.05120755943309713,0.00123413951428921,2.129988972265906e-05
tlt_1d,128,749,32,carrier,carrier_realized_volatility,0.11377955424102244,0.17655249110270055,0.6444517068571799,0.0798590103608402
tlt_1d,128,749,32,carrier,carrier_participation,0.018410392861047363,0.12041228737437448,0.15289463610808682,0.013714162957402298
tlt_1d,128,749,32,carrier,carrier_liquidity_stress,0.00015324599972486516,0.0003750309211058567,0.40862230579011316,0.00010892399437895106
tlt_1d,128,749,32,carrier_ratio,ratio_realized_volatility,0.11905606421879034,0.17393930447345374,0.6844690139425068,0.07831755258109141
tlt_1d,128,749,32,carrier_ratio,ratio_participation,0.01791135788221882,0.11956593163230544,0.1498031892337078,0.013374146516681007
tlt_1d,128,749,32,carrier_ratio,ratio_liquidity_stress,0.00015327576294178052,0.0003750112126783556,0.4087231468282631,0.00010892399833006827
tlt_1d,192,749,32,derivative,pressure,1.6391320208084907e-05,0.07394616549622426,0.00022166558736466002,1.0629051874114226e-05
tlt_1d,192,749,32,derivative,velocity,0.0001638325736222964,0.7297367907962087,0.0002245091321811256,8.440071672849436e-05
tlt_1d,192,749,32,derivative,acceleration,0.0004243936800651703,0.5478232299284469,0.0007746909164852353,7.802088335567836e-05
tlt_1d,192,749,32,derivative,jerk,0.000474456664400355,0.5730972167084154,0.0008278816413127906,0.00010232243859795154
tlt_1d,192,749,32,derivative,snap,0.0005067809886764108,0.5373670021202992,0.0009430817051973705,2.2082025799285976e-05
tlt_1d,192,749,32,stratum,structure,2.2090273089811832e-05,0.05120755943309713,0.00043138695408190383,2.1540916639306573e-06
tlt_1d,192,749,32,stratum,kinematics,0.000146589984785438,0.07417687523035749,0.0019762221626376205,2.0321371426768042e-05
tlt_1d,192,749,32,stratum,geometry,0.0001516292194257609,0.0646720560583049,0.0023445863432741344,2.4973661955085547e-05
tlt_1d,192,749,32,stratum,information,0.00012115372892519943,0.09755636084671426,0.001241884464259205,3.9365761672072175e-06
tlt_1d,192,749,32,stratum,propagation,0.00072901248288159,0.16582417548412787,0.004396297950845947,0.00011606238590489149
tlt_1d,192,749,32,stratum,cascade_bias,0.0009206290844632041,0.2712676465296489,0.00339380348611747,0.00029606303080803587
tlt_1d,192,749,32,stratum,scaling_exponent,1.8561541192951836e-16,0.19269125844427987,9.63278840089118e-16,3.3306690738754696e-16
tlt_1d,192,749,32,carrier,carrier_price_structure,2.2090273089811832e-05,0.05120755943309713,0.00043138695408190383,2.1540916639306573e-06
tlt_1d,192,749,32,carrier,carrier_realized_volatility,0.039854637642940366,0.17655249110270055,0.2257381778870338,0.027979323126147926
tlt_1d,192,749,32,carrier,carrier_participation,0.0058762966906786614,0.12041228737437448,0.048801470504489596,0.004303824509513388
tlt_1d,192,749,32,carrier,carrier_liquidity_stress,5.1436754478301205e-05,0.0003750309211058567,0.13715336945185544,3.656074074220861e-05
tlt_1d,192,749,32,carrier_ratio,ratio_realized_volatility,0.03994191368836081,0.17393930447345374,0.22963132921148746,0.02697320329175612
tlt_1d,192,749,32,carrier_ratio,ratio_participation,0.005665371827682772,0.11956593163230544,0.04738282678301022,0.004177375430534758
tlt_1d,192,749,32,carrier_ratio,ratio_liquidity_stress,5.144408787249519e-05,0.0003750112126783556,0.13718013257544492,3.65594268915137e-05
tlt_1d,256,749,32,derivative,pressure,3.682645610362937e-07,0.07394616549622426,4.9801711632376324e-06,2.4904174850126637e-07
tlt_1d,256,749,32,derivative,velocity,3.84773674147259e-06,0.7297367907962087,5.272773402687237e-06,1.882569430344816e-06
tlt_1d,256,749,32,derivative,acceleration,1.0341492913796668e-05,0.5478232299284469,1.8877426784452724e-05,1.7934920220064043e-06
tlt_1d,256,749,32,derivative,jerk,1.194203012908155e-05,0.5730972167084154,2.0837703937336523e-05,3.181856656347959e-06
tlt_1d,256,749,32,derivative,snap,1.3041680269812797e-05,0.5373670021202992,2.426959641800481e-05,7.847123657186983e-07
tlt_1d,256,749,32,stratum,structure,6.207773166119063e-07,0.05120755943309713,1.212276709697431e-05,7.93819027178344e-09
tlt_1d,256,749,32,stratum,kinematics,3.6935465689471453e-06,0.07417687523035749,4.9793774103813035e-05,3.880190163063624e-07
tlt_1d,256,749,32,stratum,geometry,5.145733158668994e-06,0.0646720560583049,7.956656200987137e-05,6.361362275830729e-07
tlt_1d,256,749,32,stratum,information,1.5555131271070832e-07,0.09755636084671426,1.5944763761239393e-06,6.760832632624059e-08
tlt_1d,256,749,32,stratum,propagation,2.373113838096373e-05,0.16582417548412787,0.00014311024500305864,1.390261934464121e-06
tlt_1d,256,749,32,stratum,cascade_bias,2.8875989300669418e-05,0.2712676465296489,0.00010644833495657338,4.875239585533375e-06
tlt_1d,256,749,32,stratum,scaling_exponent,1.8561541192951836e-16,0.19269125844427987,9.63278840089118e-16,3.3306690738754696e-16
tlt_1d,256,749,32,carrier,carrier_price_structure,6.207773166119063e-07,0.05120755943309713,1.212276709697431e-05,7.93819027178344e-09
tlt_1d,256,749,32,carrier,carrier_realized_volatility,0.012563122821516929,0.17655249110270055,0.07115800373617477,0.008837135019045539
tlt_1d,256,749,32,carrier,carrier_participation,0.0002105983071569676,0.12041228737437448,0.0017489768839138093,0.0001485043060250324
tlt_1d,256,749,32,carrier,carrier_liquidity_stress,1.7363678342889946e-05,0.0003750309211058567,0.046299324577529576,1.2341998755549533e-05
tlt_1d,256,749,32,carrier_ratio,ratio_realized_volatility,0.012448688427383617,0.17393930447345374,0.07156915146388614,0.008480825552150684
tlt_1d,256,749,32,carrier_ratio,ratio_participation,0.00020207454892714333,0.11956593163230544,0.0016900679496946681,0.00014577396831882972
tlt_1d,256,749,32,carrier_ratio,ratio_liquidity_stress,1.736585554118833e-05,0.0003750112126783556,0.04630756349166258,1.2341406889437856e-05
tlt_1d,365,749,32,derivative,pressure,4.12206631322928e-09,0.07394616549622426,5.574415232443331e-08,2.8962906725715776e-09
tlt_1d,365,749,32,derivative,velocity,4.460399342194263e-08,0.7297367907962087,6.112339953872361e-08,1.973581720271511e-08
tlt_1d,365,749,32,derivative,acceleration,1.2581143667199455e-07,0.5478232299284469,2.296569948091234e-07,1.8850202287978846e-08
tlt_1d,365,749,32,derivative,jerk,1.5371075657286994e-07,0.5730972167084154,2.6821061434516793e-07,5.0664110823328556e-08
tlt_1d,365,749,32,derivative,snap,1.7298622715853067e-07,0.5373670021202992,3.21914495076876e-07,1.5415098204851763e-08
tlt_1d,365,749,32,stratum,structure,8.684254320864837e-09,0.05120755943309713,1.6958930316159373e-07,6.067565894163351e-10
tlt_1d,365,749,32,stratum,kinematics,4.8029104729799266e-08,0.07417687523035749,6.474943111400164e-07,2.9675579771293314e-09
tlt_1d,365,749,32,stratum,geometry,8.173998026182738e-08,0.0646720560583049,1.2639149772528488e-06,9.441914361474346e-09
tlt_1d,365,749,32,stratum,information,2.176597193280505e-09,0.09755636084671426,2.231117657925443e-08,3.727658737240347e-10
tlt_1d,365,749,32,stratum,propagation,3.789378332369475e-07,0.16582417548412787,2.285178455618e-06,4.307287748694932e-09
tlt_1d,365,749,32,stratum,cascade_bias,4.297765620819242e-07,0.2712676465296489,1.5843266514827474e-06,2.5276944370933307e-08
tlt_1d,365,749,32,stratum,scaling_exponent,6.418476861114186e-17,0.19269125844427987,3.330964213392277e-16,0.0
tlt_1d,365,749,32,carrier,carrier_price_structure,8.684254320864837e-09,0.05120755943309713,1.6958930316159373e-07,6.067565894163351e-10
tlt_1d,365,749,32,carrier,carrier_realized_volatility,0.0012372827204931453,0.17655249110270055,0.0070080162152649445,0.0008710780940051066
tlt_1d,365,749,32,carrier,carrier_participation,0.00017395181694845711,0.12041228737437448,0.0014446351011306894,0.00012601245832266628
tlt_1d,365,749,32,carrier,carrier_liquidity_stress,1.4446809742767186e-06,0.0003750309211058567,0.003852164962869665,1.0268749895958607e-06
tlt_1d,365,749,32,carrier_ratio,ratio_realized_volatility,0.0012212780900062968,0.17393930447345374,0.007021288797855839,0.000834679541246719
tlt_1d,365,749,32,carrier_ratio,ratio_participation,0.00016770499222104954,0.11956593163230544,0.0014026151925682602,0.00012294389440115072
tlt_1d,365,749,32,carrier_ratio,ratio_liquidity_stress,1.4448416193295344e-06,0.0003750112126783556,0.0038527957844523564,1.0268187862205735e-06
gld_1d,60,749,32,derivative,pressure,0.03881486896475552,0.18576715831132073,0.20894365461362674,0.0017870146348094584
gld_1d,60,749,32,derivative,velocity,0.17563384296764553,0.6953851242859985,0.25257060704020856,0.03524531754118421
gld_1d,60,749,32,derivative,acceleration,0.14372646943673065,0.5039525899189521,0.2851983942772184,0.042113860082688914
gld_1d,60,749,32,derivative,jerk,0.14350885672125577,0.5630033847605047,0.25489874591482753,0.03146648143616265
gld_1d,60,749,32,derivative,snap,0.132537645252296,0.5210367442826387,0.25437293378372633,0.030649018545421465
gld_1d,60,749,32,stratum,structure,0.03767750825120739,0.14130555258502486,0.2666385542672605,0.0005566760807529381
gld_1d,60,749,32,stratum,kinematics,0.038513541379330545,0.08027855213852408,0.4797488289633547,0.00013030562250865296
gld_1d,60,749,32,stratum,geometry,0.027423750195014494,0.0523335311091942,0.524018724014527,0.008794866341565122
gld_1d,60,749,32,stratum,information,0.11455769354354237,0.11579304073811336,0.9893314210707623,0.04236534075131243
gld_1d,60,749,32,stratum,propagation,0.09400839441704827,0.1772114237597736,0.5304872136487391,0.051886769883523365
gld_1d,60,749,32,stratum,cascade_bias,0.12180004166090999,0.3008792495437007,0.40481369800551614,0.009996005612605052
gld_1d,60,749,32,stratum,scaling_exponent,0.08746954572760694,0.2696693387002029,0.32435851309313546,2.220446049250313e-16
gld_1d,60,749,32,carrier,carrier_price_structure,0.03767750825120739,0.14130555258502486,0.2666385542672605,0.0005566760807529381
gld_1d,60,749,32,carrier,carrier_realized_volatility,0.5316165134853541,0.29843030888590716,1.781375743871231,0.45652153410694685
gld_1d,60,749,32,carrier,carrier_participation,0.44783299800852266,0.2766573725367529,1.6187278650925154,0.35161566770306457
gld_1d,60,749,32,carrier,carrier_liquidity_stress,0.0009512100308746614,0.0010718437558984717,0.8874521362279251,0.0006844206939387032
gld_1d,60,749,32,carrier_ratio,ratio_realized_volatility,1.4507112676905263,0.3307777146722779,4.385758784045764,0.6910350645527894
gld_1d,60,749,32,carrier_ratio,ratio_participation,0.4753250620619548,0.3074486631218293,1.5460306681301228,0.35193299998260974
gld_1d,60,749,32,carrier_ratio,ratio_liquidity_stress,0.0009525455488137088,0.0010717748621101864,0.888755262404895,0.0006853862380433728
gld_1d,96,749,32,derivative,pressure,0.0021711836907711427,0.18576715831132073,0.011687661643251987,0.0010276518618073383
gld_1d,96,749,32,derivative,velocity,0.008330105962045156,0.6953851242859985,0.011979125913281895,0.001890508475514363
gld_1d,96,749,32,derivative,acceleration,0.005226939058395254,0.5039525899189521,0.010371886488837915,0.0010397897391700717
gld_1d,96,749,32,derivative,jerk,0.0036410010006897673,0.5630033847605047,0.006467103216863622,0.0006333196478275904
gld_1d,96,749,32,derivative,snap,0.0031721228536928654,0.5210367442826387,0.006088098178296871,0.0023957763532877693
gld_1d,96,749,32,stratum,structure,0.0013106203475583434,0.14130555258502486,0.009275080303512708,0.0001523131672945821
gld_1d,96,749,32,stratum,kinematics,0.0010254101329386749,0.08027855213852408,0.01277315180235545,0.00023791784209908906
gld_1d,96,749,32,stratum,geometry,0.002543105530191563,0.0523335311091942,0.04859418954332279,0.00031641079480321244
gld_1d,96,749,32,stratum,information,0.006135006618220031,0.11579304073811336,0.05298251586721385,0.004872020532943722
gld_1d,96,749,32,stratum,propagation,0.006300195952939732,0.1772114237597736,0.035551861269848085,0.00513075583673317
gld_1d,96,749,32,stratum,cascade_bias,0.00778380540607687,0.3008792495437007,0.02587019682441186,0.00576124639631137
gld_1d,96,749,32,stratum,scaling_exponent,8.153200337090993e-17,0.2696693387002029,3.023406508277561e-16,0.0
gld_1d,96,749,32,carrier,carrier_price_structure,0.0013106203475583434,0.14130555258502486,0.009275080303512708,0.0001523131672945821
gld_1d,96,749,32,carrier,carrier_realized_volatility,0.3192468569985011,0.29843030888590716,1.0697534650227243,0.23379635898676876
gld_1d,96,749,32,carrier,carrier_participation,0.12073035502998924,0.2766573725367529,0.4363894369522022,0.1062345816262964
gld_1d,96,749,32,carrier,carrier_liquidity_stress,0.0004491731071212847,0.0010718437558984717,0.4190658429919815,0.0003191403108289137
gld_1d,96,749,32,carrier_ratio,ratio_realized_volatility,0.3954442705598169,0.3307777146722779,1.1954985267118379,0.2502023915557787
gld_1d,96,749,32,carrier_ratio,ratio_participation,0.13258990993171382,0.3074486631218293,0.43125869725826027,0.1077804050146568
gld_1d,96,749,32,carrier_ratio,ratio_liquidity_stress,0.000449684300184737,0.0010717748621101864,0.4195697399539364,0.00031952899883846975
gld_1d,128,749,32,derivative,pressure,0.0005329393369874248,0.18576715831132073,0.0028688565935550904,0.00025470349011444404
gld_1d,128,749,32,derivative,velocity,0.002120599119121902,0.6953851242859985,0.0030495318997501883,0.0004846707093216218
gld_1d,128,749,32,derivative,acceleration,0.0011114481351627422,0.5039525899189521,0.002205461698969521,0.00025651659952208306
gld_1d,128,749,32,derivative,jerk,0.0008332120443243378,0.5630033847605047,0.0014799414477388564,9.381775093769695e-05
gld_1d,128,749,32,derivative,snap,0.0009201631428121058,0.5210367442826387,0.001766023515441282,0.0005761398706430332
gld_1d,128,749,32,stratum,structure,0.0003590877029343003,0.14130555258502486,0.0025412143851759393,1.2945762723148846e-05
gld_1d,128,749,32,stratum,kinematics,0.0002731915204939681,0.08027855213852408,0.0034030449381120434,5.6683987704642114e-05
gld_1d,128,749,32,stratum,geometry,0.0007151379054265508,0.0523335311091942,0.013665003875515521,0.00019728187014383947
gld_1d,128,749,32,stratum,information,0.0015380627545116647,0.11579304073811336,0.013282860046747268,0.0020475724157834607
gld_1d,128,749,32,stratum,propagation,0.0020914135480287373,0.1772114237597736,0.01180179868575426,0.0007416047470073517
gld_1d,128,749,32,stratum,cascade_bias,0.002650198183768015,0.3008792495437007,0.008808178655680579,0.0009763733825208787
gld_1d,128,749,32,stratum,scaling_exponent,3.3306690738754696e-16,0.2696693387002029,1.2350937225304079e-15,5.551115123125783e-16
gld_1d,128,749,32,carrier,carrier_price_structure,0.0003590877029343003,0.14130555258502486,0.0025412143851759393,1.2945762723148846e-05
gld_1d,128,749,32,carrier,carrier_realized_volatility,0.07975987687648883,0.29843030888590716,0.2672646661602385,0.05888504733057037
gld_1d,128,749,32,carrier,carrier_participation,0.024625535680906335,0.2766573725367529,0.08901095045871198,0.025903130267691143
gld_1d,128,749,32,carrier,carrier_liquidity_stress,0.00019250984147903966,0.0010718437558984717,0.1796062536350445,0.00013678509430081753
gld_1d,128,749,32,carrier_ratio,ratio_realized_volatility,0.08267797764619186,0.3307777146722779,0.2499502656281004,0.057288243144695605
gld_1d,128,749,32,carrier_ratio,ratio_participation,0.03251650681795808,0.3074486631218293,0.10576239456625355,0.028936370029246872
gld_1d,128,749,32,carrier_ratio,ratio_liquidity_stress,0.00019270308189469482,0.0010717748621101864,0.17979809818947173,0.00013693927683933182
gld_1d,192,749,32,derivative,pressure,3.921201995673684e-05,0.18576715831132073,0.00021108155129887264,1.97948643667345e-05
gld_1d,192,749,32,derivative,velocity,0.0001670488444639271,0.6953851242859985,0.00024022493238613362,3.9304357998926065e-05
gld_1d,192,749,32,derivative,acceleration,9.72875681831682e-05,0.5039525899189521,0.00019304904891711029,1.4033262364376853e-05
gld_1d,192,749,32,derivative,jerk,6.284838732936455e-05,0.5630033847605047,0.00011163056747180933,9.322056147231805e-06
gld_1d,192,749,32,derivative,snap,8.800834275889986e-05,0.5210367442826387,0.0001689100504419691,5.316663334177518e-05
gld_1d,192,749,32,stratum,structure,3.584757008794938e-05,0.14130555258502486,0.00025368833306376663,2.3334038258271406e-06
gld_1d,192,749,32,stratum,kinematics,2.3627159969679887e-05,0.08027855213852408,0.00029431472467154375,3.1108863087769834e-06
gld_1d,192,749,32,stratum,geometry,8.425001171498935e-05,0.0523335311091942,0.0016098667513797461,2.7965941464980215e-05
gld_1d,192,749,32,stratum,information,1.4242086820761765e-05,0.11579304073811336,0.00012299605166231697,3.0523891416667226e-06
gld_1d,192,749,32,stratum,propagation,0.0003031084426963898,0.1772114237597736,0.0017104339904592224,3.183417098739927e-05
gld_1d,192,749,32,stratum,cascade_bias,0.00026222402514998775,0.3008792495437007,0.0008715257883275911,1.0348725380304735e-05
gld_1d,192,749,32,stratum,scaling_exponent,1.214306433183765e-17,0.2696693387002029,4.502945863392112e-17,0.0
gld_1d,192,749,32,carrier,carrier_price_structure,3.584757008794938e-05,0.14130555258502486,0.00025368833306376663,2.3334038258271406e-06
gld_1d,192,749,32,carrier,carrier_realized_volatility,0.016028849950684168,0.29843030888590716,0.053710529639307364,0.011979865867665918
gld_1d,192,749,32,carrier,carrier_participation,0.012658596135216148,0.2766573725367529,0.045755499010005606,0.012343152491276627
gld_1d,192,749,32,carrier,carrier_liquidity_stress,6.460352724290894e-05,0.0010718437558984717,0.06027326920307999,4.5904101519389506e-05
gld_1d,192,749,32,carrier_ratio,ratio_realized_volatility,0.01631946152554542,0.3307777146722779,0.04933664150172307,0.011553007538007143
gld_1d,192,749,32,carrier_ratio,ratio_participation,0.015833762324619735,0.3074486631218293,0.0515005079672292,0.013627606998896868
gld_1d,192,749,32,carrier_ratio,ratio_liquidity_stress,6.46640306810331e-05,0.0010717748621101864,0.06033359520461039,4.5953513605923035e-05
gld_1d,256,749,32,derivative,pressure,1.4196219140028346e-07,0.18576715831132073,7.641942348193428e-07,7.624850670295835e-08
gld_1d,256,749,32,derivative,velocity,6.344252695756388e-07,0.6953851242859985,9.123365562745514e-07,1.5152015048203182e-07
gld_1d,256,749,32,derivative,acceleration,3.864734997797558e-07,0.5039525899189521,7.668846385766371e-07,2.0993468630159384e-08
gld_1d,256,749,32,derivative,jerk,2.638824323444476e-07,0.5630033847605047,4.6870487724811847e-07,3.566887613049019e-08
gld_1d,256,749,32,derivative,snap,4.2494989257015406e-07,0.5210367442826387,8.155852677054924e-07,2.2357522085070247e-07
gld_1d,256,749,32,stratum,structure,1.991731565283844e-07,0.14130555258502486,1.4095210901817894e-06,1.80037986741155e-08
gld_1d,256,749,32,stratum,kinematics,1.019273556911171e-07,0.08027855213852408,1.2696710762201724e-06,3.3058986104173016e-09
gld_1d,256,749,32,stratum,geometry,4.460477333358137e-07,0.0523335311091942,8.523172885183931e-06,1.0108429321364909e-07
gld_1d,256,749,32,stratum,information,8.013693476513484e-08,0.11579304073811336,6.920703891555869e-07,2.059732939763137e-10
gld_1d,256,749,32,stratum,propagation,1.5764431930617717e-06,0.1772114237597736,8.895832783324316e-06,8.510883808821035e-08
gld_1d,256,749,32,stratum,cascade_bias,1.4911194916138724e-06,0.3008792495437007,4.955873473744813e-06,3.702193238641627e-07
gld_1d,256,749,32,stratum,scaling_exponent,1.734723475976807e-16,0.2696693387002029,6.432779804845874e-16,7.771561172376096e-16
gld_1d,256,749,32,carrier,carrier_price_structure,1.991731565283844e-07,0.14130555258502486,1.4095210901817894e-06,1.80037986741155e-08
gld_1d,256,749,32,carrier,carrier_realized_volatility,0.005240271827689832,0.29843030888590716,0.017559449129857782,0.003936448655294522
gld_1d,256,749,32,carrier,carrier_participation,0.0007670919968983114,0.2766573725367529,0.002772714820012274,0.000718700587150567
gld_1d,256,749,32,carrier,carrier_liquidity_stress,2.470432950766807e-05,0.0010718437558984717,0.023048442808681287,1.7553802330594337e-05
gld_1d,256,749,32,carrier_ratio,ratio_realized_volatility,0.005312676190490549,0.3307777146722779,0.016061167227526645,0.003791978316146083
gld_1d,256,749,32,carrier_ratio,ratio_participation,0.0009311803054449907,0.3074486631218293,0.0030287342803504147,0.0007865114858289779
gld_1d,256,749,32,carrier_ratio,ratio_liquidity_stress,2.4726949849951385e-05,0.0010717748621101864,0.023071029862808325,1.7572434628965183e-05
gld_1d,365,749,32,derivative,pressure,6.797834104432451e-09,0.18576715831132073,3.659330403838227e-08,3.7210283188038318e-09
gld_1d,365,749,32,derivative,velocity,3.08234077549957e-08,0.6953851242859985,4.432566455407612e-08,7.2818077678782345e-09
gld_1d,365,749,32,derivative,acceleration,1.8884103755983234e-08,0.5039525899189521,3.747198473376287e-08,4.5928927328020563e-10
gld_1d,365,749,32,derivative,jerk,1.3423133338576546e-08,0.5630033847605047,2.384201179232092e-08,1.7050252876238403e-09
gld_1d,365,749,32,derivative,snap,2.205087092809659e-08,0.5210367442826387,4.232114370063505e-08,1.097763541874075e-08
gld_1d,365,749,32,stratum,structure,1.115392936519577e-08,0.14130555258502486,7.893482712566689e-08,8.960674424685067e-10
gld_1d,365,749,32,stratum,kinematics,5.1442307601179404e-09,0.08027855213852408,6.407976505656642e-08,1.0421608021005113e-11
gld_1d,365,749,32,stratum,geometry,2.4077131205446634e-08,0.0523335311091942,4.600708321250016e-07,3.4805537341142667e-09
gld_1d,365,749,32,stratum,information,4.446926419113262e-09,0.11579304073811336,3.840409052881494e-08,2.7771918098551396e-10
gld_1d,365,749,32,stratum,propagation,8.698148197539002e-08,0.1772114237597736,4.908345079000179e-07,5.593785767921133e-09
gld_1d,365,749,32,stratum,cascade_bias,8.542300618865359e-08,0.3008792495437007,2.839112578158916e-07,2.5403358860920378e-08
gld_1d,365,749,32,stratum,scaling_exponent,0.0,0.2696693387002029,0.0,0.0
gld_1d,365,749,32,carrier,carrier_price_structure,1.115392936519577e-08,0.14130555258502486,7.893482712566689e-08,8.960674424685067e-10
gld_1d,365,749,32,carrier,carrier_realized_volatility,0.00041624472004059884,0.29843030888590716,0.001394780314353839,0.0003127586210056599
gld_1d,365,749,32,carrier,carrier_participation,0.00024278406897420548,0.2766573725367529,0.0008775622595850127,0.00022852787441235423
gld_1d,365,749,32,carrier,carrier_liquidity_stress,3.930908093242175e-06,0.0010718437558984717,0.003667426405770397,2.7931395621960675e-06
gld_1d,365,749,32,carrier_ratio,ratio_realized_volatility,0.00042199428517221416,0.3307777146722779,0.0012757639540206334,0.0003011928453470203
gld_1d,365,749,32,carrier_ratio,ratio_participation,0.00029547330986354377,0.3074486631218293,0.0009610492589667232,0.00025011197536273233
gld_1d,365,749,32,carrier_ratio,ratio_liquidity_stress,3.93446387040447e-06,0.0010717748621101864,0.0036709798013530737,2.7960785582425984e-06
uso_1d,60,749,32,derivative,pressure,0.008260348055973966,0.10258150178322008,0.08052473313785279,0.006148218517231366
uso_1d,60,749,32,derivative,velocity,0.028286496629573096,0.7800254786730758,0.03626355472092025,0.006386011762476551
uso_1d,60,749,32,derivative,acceleration,0.10143013613686332,0.575586430863347,0.17622051302481864,0.0017398207734311832
uso_1d,60,749,32,derivative,jerk,0.1296037215628708,0.5723264764821128,0.2264506831127205,0.009651241138897954
uso_1d,60,749,32,derivative,snap,0.1401485128403387,0.5619108149631905,0.24941415809823753,0.002381798549451218
uso_1d,60,749,32,stratum,structure,0.0041876347678989605,0.05579832775729665,0.07504946718320515,0.002141097608977127
uso_1d,60,749,32,stratum,kinematics,0.037607261607961726,0.07634212741303226,0.49261479712892886,0.006449340101199685
uso_1d,60,749,32,stratum,geometry,0.0181100387975831,0.05865815318919798,0.308738646086766,0.0022594862267892313
uso_1d,60,749,32,stratum,information,0.10484240896251748,0.10714153778780194,0.9785412000541006,0.028469673366243675
uso_1d,60,749,32,stratum,propagation,0.05246329293531979,0.1855195376529889,0.2827912013960032,0.0077134445708518795
uso_1d,60,749,32,stratum,cascade_bias,0.045902617035581066,0.33102567074432815,0.13866784691461143,0.041957455574034574
uso_1d,60,749,32,stratum,scaling_exponent,0.15475564248079401,0.22082329400434014,0.7008121275364745,3.885780586188048e-16
uso_1d,60,749,32,carrier,carrier_price_structure,0.0041876347678989605,0.05579832775729665,0.07504946718320515,0.002141097608977127
uso_1d,60,749,32,carrier,carrier_realized_volatility,0.527322810917437,0.3121777861184345,1.6891746766292348,0.4304965202712165
uso_1d,60,749,32,carrier,carrier_participation,0.1220466534977779,0.336955558887776,0.3622040066667245,0.12516448757934728
uso_1d,60,749,32,carrier,carrier_liquidity_stress,0.008476535379647161,0.00856933576508162,0.989170644262464,0.005808100982026221
uso_1d,60,749,32,carrier_ratio,ratio_realized_volatility,1.0268522579704935,0.3409862788111351,3.0114181179097965,0.5965445891936865
uso_1d,60,749,32,carrier_ratio,ratio_participation,0.25457542989724874,0.3668451992159958,0.6939587336601796,0.24220106237209604
uso_1d,60,749,32,carrier_ratio,ratio_liquidity_stress,0.008577862299212098,0.008557955566856013,1.002326108402944,0.005876004654945977
uso_1d,96,749,32,derivative,pressure,0.0014944482723892101,0.10258150178322008,0.014568399237782135,0.0009446336085856197
uso_1d,96,749,32,derivative,velocity,0.004813915301552736,0.7800254786730758,0.006171484692707511,0.0006343516003666227
uso_1d,96,749,32,derivative,acceleration,0.00904940499726705,0.575586430863347,0.015722061035548487,0.0015399578650680534
uso_1d,96,749,32,derivative,jerk,0.008874810941080759,0.5723264764821128,0.01550655317508822,0.00015728513428542312
uso_1d,96,749,32,derivative,snap,0.009452624661783565,0.5619108149631905,0.016822286402162923,0.0012809828429681397
uso_1d,96,749,32,stratum,structure,0.0012611063675531838,0.05579832775729665,0.022601149859518346,0.0004835489086992273
uso_1d,96,749,32,stratum,kinematics,0.002718241015626087,0.07634212741303226,0.03560604226968477,0.00020620562585904612
uso_1d,96,749,32,stratum,geometry,0.0021616361964096817,0.05865815318919798,0.03685141926370351,2.9093380182976247e-05
uso_1d,96,749,32,stratum,information,0.021035422704639765,0.10714153778780194,0.19633302955107151,2.037199520743549e-07
uso_1d,96,749,32,stratum,propagation,0.005099834146047418,0.1855195376529889,0.027489472055426154,0.004886855712765592
uso_1d,96,749,32,stratum,cascade_bias,0.005397431511324744,0.33102567074432815,0.016305175061463794,0.00515899341000553
uso_1d,96,749,32,stratum,scaling_exponent,6.245004513516506e-17,0.22082329400434014,2.828055138691013e-16,0.0
uso_1d,96,749,32,carrier,carrier_price_structure,0.0012611063675531838,0.05579832775729665,0.022601149859518346,0.0004835489086992273
uso_1d,96,749,32,carrier,carrier_realized_volatility,0.12839601694954464,0.3121777861184345,0.41129133032173393,0.0953357890089987
uso_1d,96,749,32,carrier,carrier_participation,0.01767815341356982,0.336955558887776,0.05246434714394362,0.01915495194313653
uso_1d,96,749,32,carrier,carrier_liquidity_stress,0.007920047504024783,0.00856933576508162,0.9242312031111488,0.005604610036428204
uso_1d,96,749,32,carrier_ratio,ratio_realized_volatility,0.12730452909018386,0.3409862788111351,0.37334208735330104,0.09268716116782927
uso_1d,96,749,32,carrier_ratio,ratio_participation,0.1115512430745928,0.3668451992159958,0.30408260299710843,0.1071177485006643
uso_1d,96,749,32,carrier_ratio,ratio_liquidity_stress,0.008011525756471988,0.008557955566856013,0.9361494920001355,0.005669913074777266
uso_1d,128,749,32,derivative,pressure,2.482316979846869e-05,0.10258150178322008,0.0002419848546468558,1.6560310021687674e-05
uso_1d,128,749,32,derivative,velocity,6.70114617700667e-05,0.7800254786730758,8.590932424933331e-05,1.4100404642114484e-05
uso_1d,128,749,32,derivative,acceleration,0.00020009057178092544,0.575586430863347,0.00034762906325084994,2.8845657880874342e-05
uso_1d,128,749,32,derivative,jerk,0.00017861978455401624,0.5723264764821128,0.00031209421876116674,2.423125261374892e-05
uso_1d,128,749,32,derivative,snap,0.00017751209550149658,0.5619108149631905,0.00031590795331662197,2.874223235421053e-05
uso_1d,128,749,32,stratum,structure,2.295798183868207e-05,0.05579832775729665,0.00041144569669796053,9.729380399337018e-06
uso_1d,128,749,32,stratum,kinematics,5.409633144910081e-05,0.07634212741303226,0.0007086039292096817,1.5834360923006052e-06
uso_1d,128,749,32,stratum,geometry,5.683000337924557e-05,0.05865815318919798,0.0009688338327997502,4.548352039446257e-06
uso_1d,128,749,32,stratum,information,9.664456220772472e-06,0.10714153778780194,9.020270214819308e-05,1.1889921242014267e-06
uso_1d,128,749,32,stratum,propagation,0.0001351645215202403,0.1855195376529889,0.0007285729752790955,9.042301295658639e-05
uso_1d,128,749,32,stratum,cascade_bias,8.847302704370684e-05,0.33102567074432815,0.0002672693838057052,9.473833359585626e-05
uso_1d,128,749,32,stratum,scaling_exponent,5.551115123125783e-17,0.22082329400434014,2.5138267899475673e-16,0.0
uso_1d,128,749,32,carrier,carrier_price_structure,2.295798183868207e-05,0.05579832775729665,0.00041144569669796053,9.729380399337018e-06
uso_1d,128,749,32,carrier,carrier_realized_volatility,0.05883048670458241,0.3121777861184345,0.1884518672390841,0.04427808699800678
uso_1d,128,749,32,carrier,carrier_participation,0.00010942367491326057,0.336955558887776,0.0003247421567237133,0.00017985380217840075
uso_1d,128,749,32,carrier,carrier_liquidity_stress,0.004148802025224805,0.00856933576508162,0.4841451121719804,0.002937548622727326
uso_1d,128,749,32,carrier_ratio,ratio_realized_volatility,0.0569530089137139,0.3409862788111351,0.1670243421884402,0.042341303404536124
uso_1d,128,749,32,carrier_ratio,ratio_participation,0.0003699849337786467,0.3668451992159958,0.0010085587451310826,0.0004901138954233608
uso_1d,128,749,32,carrier_ratio,ratio_liquidity_stress,0.004188208941241757,0.008557955566856013,0.4893936301167785,0.002967253994265784
uso_1d,192,749,32,derivative,pressure,5.475919609623949e-06,0.10258150178322008,5.338116048638002e-05,3.889076907015454e-06
uso_1d,192,749,32,derivative,velocity,1.856263449431534e-05,0.7800254786730758,2.3797472008084635e-05,3.430635407308813e-06
uso_1d,192,749,32,derivative,acceleration,4.190304001176347e-05,0.575586430863347,7.280060433132742e-05,1.1898368420637517e-05
uso_1d,192,749,32,derivative,jerk,3.615038244261315e-05,0.5723264764821128,6.316391767303286e-05,7.231712260857837e-06
uso_1d,192,749,32,derivative,snap,3.560551885740547e-05,0.5619108149631905,6.336507130537771e-05,6.483257429079625e-06
uso_1d,192,749,32,stratum,structure,7.251640497415307e-06,0.05579832775729665,0.0001299616097628844,4.322180024773914e-06
uso_1d,192,749,32,stratum,kinematics,1.1161521219729686e-05,0.07634212741303226,0.00014620395839040135,1.8571755398544276e-06
uso_1d,192,749,32,stratum,geometry,9.649098280698279e-06,0.05865815318919798,0.00016449713733018072,4.584703897803077e-06
uso_1d,192,749,32,stratum,information,2.0603048324283058e-06,0.10714153778780194,1.9229748564079983e-05,1.184120591635196e-06
uso_1d,192,749,32,stratum,propagation,2.4482928356960032e-05,0.1855195376529889,0.0001319695416811297,1.8036468492965696e-05
uso_1d,192,749,32,stratum,cascade_bias,2.6499164712912504e-05,0.33102567074432815,8.005169101637277e-05,1.4085986770440151e-05
uso_1d,192,749,32,stratum,scaling_exponent,5.898059818321144e-17,0.22082329400434014,2.6709409643192904e-16,1.1102230246251565e-16
uso_1d,192,749,32,carrier,carrier_price_structure,7.251640497415307e-06,0.05579832775729665,0.0001299616097628844,4.322180024773914e-06
uso_1d,192,749,32,carrier,carrier_realized_volatility,0.016464372804197186,0.3121777861184345,0.052740372750131895,0.012520442976522272
uso_1d,192,749,32,carrier,carrier_participation,6.51334551049723e-05,0.336955558887776,0.00019329983847117709,7.199818859003962e-05
uso_1d,192,749,32,carrier,carrier_liquidity_stress,0.001167157440998743,0.00856933576508162,0.13620162320569618,0.0008267952819397406
uso_1d,192,749,32,carrier_ratio,ratio_realized_volatility,0.01581236792654773,0.3409862788111351,0.04637244636845302,0.011895191963097962
uso_1d,192,749,32,carrier_ratio,ratio_participation,0.00027509750750103444,0.3668451992159958,0.0007499007976360596,0.00026154237864706165
uso_1d,192,749,32,carrier_ratio,ratio_liquidity_stress,0.001176262987276494,0.008557955566856013,0.13744672756096404,0.0008342277475901216
uso_1d,256,749,32,derivative,pressure,1.183347274080781e-07,0.10258150178322008,1.1535678982176384e-06,8.500124996230207e-08
uso_1d,256,749,32,derivative,velocity,4.064638514785987e-07,0.7800254786730758,5.210904804930811e-07,7.274925439837432e-08
uso_1d,256,749,32,derivative,acceleration,1.028714476882962e-06,0.575586430863347,1.7872458795457504e-06,3.523870029178977e-07
uso_1d,256,749,32,derivative,jerk,8.842877656804662e-07,0.5723264764821128,1.545075760107882e-06,2.410204233416202e-07
uso_1d,256,749,32,derivative,snap,7.334775474402257e-07,0.5619108149631905,1.3053273364889304e-06,1.1975341892428437e-07
uso_1d,256,749,32,stratum,structure,2.087253836175612e-07,0.05579832775729665,3.7407103762221e-06,1.4208594428799515e-07
uso_1d,256,749,32,stratum,kinematics,2.538283024617477e-07,0.07634212741303226,3.3248785573981404e-06,6.74058482363904e-08
uso_1d,256,749,32,stratum,geometry,3.04501797783463e-07,0.05865815318919798,5.1911248688875806e-06,1.3754192285109212e-07
uso_1d,256,749,32,stratum,information,6.093370505475676e-08,0.10714153778780194,5.687215837375638e-07,4.65693624218666e-08
uso_1d,256,749,32,stratum,propagation,7.386518871763115e-07,0.1855195376529889,3.981531522345356e-06,3.650953168676807e-07
uso_1d,256,749,32,stratum,cascade_bias,7.251823284555332e-07,0.33102567074432815,2.1907132665116986e-06,1.0764752861325277e-07
uso_1d,256,749,32,stratum,scaling_exponent,8.500145032286355e-17,0.22082329400434014,3.8492972721072123e-16,1.1102230246251565e-16
uso_1d,256,749,32,carrier,carrier_price_structure,2.087253836175612e-07,0.05579832775729665,3.7407103762221e-06,1.4208594428799515e-07
uso_1d,256,749,32,carrier,carrier_realized_volatility,0.005649994812283718,0.3121777861184345,0.0180986446298271,0.004306814636960754
uso_1d,256,749,32,carrier,carrier_participation,9.153745227489401e-05,0.336955558887776,0.0002716603120513611,9.094994174658338e-05
uso_1d,256,749,32,carrier,carrier_liquidity_stress,0.0003273134763172973,0.00856933576508162,0.03819589817579983,0.0002318934702478792
uso_1d,256,749,32,carrier_ratio,ratio_realized_volatility,0.005419794156159504,0.3409862788111351,0.015894464067750393,0.004085981010819584
uso_1d,256,749,32,carrier_ratio,ratio_participation,0.00037378233404572296,0.3668451992159958,0.0010189102510937936,0.0003469010320562016
uso_1d,256,749,32,carrier_ratio,ratio_liquidity_stress,0.00032972417650668773,0.008557955566856013,0.038528381449381664,0.0002339011877208197
uso_1d,365,749,32,derivative,pressure,2.469116683437604e-10,0.10258150178322008,2.4069804404457385e-09,1.787249376272726e-10
uso_1d,365,749,32,derivative,velocity,8.477414816139561e-10,0.7800254786730758,1.0868125526567082e-09,1.6358125964899273e-10
uso_1d,365,749,32,derivative,acceleration,2.1588745334607737e-09,0.575586430863347,3.750739103113644e-09,7.160939480277406e-10
uso_1d,365,749,32,derivative,jerk,1.8486429925919368e-09,0.5723264764821128,3.23004975054603e-09,4.628454980393215e-10
uso_1d,365,749,32,derivative,snap,1.5783440992980097e-09,0.5619108149631905,2.8088872064179853e-09,2.5904069861359957e-10
uso_1d,365,749,32,stratum,structure,4.2127533926572536e-10,0.05579832775729665,7.549963523963061e-09,2.910028884528515e-10
uso_1d,365,749,32,stratum,kinematics,5.370077889310654e-10,0.07634212741303226,7.034226149157504e-09,1.3398931963948257e-10
uso_1d,365,749,32,stratum,geometry,5.973658720459518e-10,0.05865815318919798,1.0183850659586704e-08,3.3529756748862383e-10
uso_1d,365,749,32,stratum,information,1.238960089036678e-10,0.10714153778780194,1.1563769893712817e-09,9.446471382901223e-11
uso_1d,365,749,32,stratum,propagation,1.5074941919768214e-09,0.1855195376529889,8.125797482293016e-09,6.892347803599819e-10
uso_1d,365,749,32,stratum,cascade_bias,1.4901934198337935e-09,0.33102567074432815,4.501745790539499e-09,2.7121149770437114e-10
uso_1d,365,749,32,stratum,scaling_exponent,4.163336342344337e-17,0.22082329400434014,1.8853700924606754e-16,0.0
uso_1d,365,749,32,carrier,carrier_price_structure,4.2127533926572536e-10,0.05579832775729665,7.549963523963061e-09,2.910028884528515e-10
uso_1d,365,749,32,carrier,carrier_realized_volatility,0.0003996748035982045,0.3121777861184345,0.0012802794477073242,0.00030545826662659037
uso_1d,365,749,32,carrier,carrier_participation,4.526050040971343e-06,0.336955558887776,1.3432186891087192e-05,4.733842815185518e-06
uso_1d,365,749,32,carrier,carrier_liquidity_stress,4.554596346170725e-05,0.00856933576508162,0.005314993449935549,3.2269301281750984e-05
uso_1d,365,749,32,carrier_ratio,ratio_realized_volatility,0.0003831072143903151,0.3409862788111351,0.0011235267756991181,0.0002897717592016402
uso_1d,365,749,32,carrier_ratio,ratio_participation,1.8910472500461087e-05,0.3668451992159958,5.154891638455581e-05,1.7752154689243405e-05
uso_1d,365,749,32,carrier_ratio,ratio_liquidity_stress,4.5876495648716764e-05,0.008557955566856013,0.005360684019719757,3.2544830314451545e-05
btc_usd_1d,60,749,32,derivative,pressure,0.07639345232660866,0.13601192109877447,0.5616673281978737,0.0016747318306321417
btc_usd_1d,60,749,32,derivative,velocity,0.23936754523160117,0.7531723386553673,0.317812448687298,0.01358106826259331
btc_usd_1d,60,749,32,derivative,acceleration,0.18769666086463466,0.4925789244523351,0.38104890718441065,0.051339555989397496
btc_usd_1d,60,749,32,derivative,jerk,0.17578603594535297,0.4997607973533279,0.351740346334275,0.019603059627722456
btc_usd_1d,60,749,32,derivative,snap,0.191560138505957,0.5003688058939656,0.38283789127044615,0.01323293339793297
btc_usd_1d,60,749,32,stratum,structure,0.0649296835765083,0.10867504973490594,0.5974663341299873,0.00043108587258550157
btc_usd_1d,60,749,32,stratum,kinematics,0.05293527513048766,0.07514610451029824,0.704431393688987,0.00017052681666529512
btc_usd_1d,60,749,32,stratum,geometry,0.037938320418481754,0.051322334612968035,0.739216575095077,0.02516141415964357
btc_usd_1d,60,749,32,stratum,information,0.06686944843736327,0.09467585661552008,0.7062988477508156,0.09322158182346152
btc_usd_1d,60,749,32,stratum,propagation,0.07760365259867008,0.14976607882215054,0.5181657502753049,0.0035648467957358765
btc_usd_1d,60,749,32,stratum,cascade_bias,0.10554785899456473,0.2696879193274995,0.39137036341027615,0.01305360366307573
btc_usd_1d,60,749,32,stratum,scaling_exponent,0.04474646190931754,0.24106343249348422,0.18562110995630582,2.220446049250313e-16
btc_usd_1d,60,749,32,carrier,carrier_price_structure,0.0649296835765083,0.10867504973490594,0.5974663341299873,0.00043108587258550157
btc_usd_1d,60,749,32,carrier,carrier_realized_volatility,0.465994494896913,0.31299655715140584,1.4888166794483222,0.41996234238651464
btc_usd_1d,60,749,32,carrier,carrier_participation,0.11084382281924704,0.28540438895258463,0.3883746260036035,0.07601774127041017
btc_usd_1d,60,749,32,carrier,carrier_liquidity_stress,2.346013008858172e-09,2.122411746352526e-09,1.1053524429884618,1.6439879457763595e-09
btc_usd_1d,60,749,32,carrier_ratio,ratio_realized_volatility,0.9628318923734259,0.33032032236068876,2.914843039303149,0.47599891129165184
btc_usd_1d,60,749,32,carrier_ratio,ratio_participation,0.10652698524990667,0.29301846679748134,0.3635504151468119,0.07210719171589353
btc_usd_1d,60,749,32,carrier_ratio,ratio_liquidity_stress,2.346013015797066e-09,2.122411690841375e-09,1.1053524751680246,1.643988056798662e-09
btc_usd_1d,96,749,32,derivative,pressure,0.0027561091312581767,0.13601192109877447,0.020263732097840433,0.0008390288600082872
btc_usd_1d,96,749,32,derivative,velocity,0.005145278602274933,0.7531723386553673,0.006831475796709102,0.0022794492708387293
btc_usd_1d,96,749,32,derivative,acceleration,0.004276054939459704,0.4925789244523351,0.008680953908480673,0.005179462147559807
btc_usd_1d,96,749,32,derivative,jerk,0.003137308324464861,0.4997607973533279,0.00627761989551734,0.0040877284564494465
btc_usd_1d,96,749,32,derivative,snap,0.0034055416760568474,0.5003688058939656,0.006806063119727181,0.0038050454106375448
btc_usd_1d,96,749,32,stratum,structure,0.0009463646148014909,0.10867504973490594,0.008708205030593354,0.00022139436683876745
btc_usd_1d,96,749,32,stratum,kinematics,0.0010858899341041773,0.07514610451029824,0.014450382241109568,0.00020185373593029077
btc_usd_1d,96,749,32,stratum,geometry,0.0012339233464451222,0.051322334612968035,0.02404261917838275,0.0018734071935065377
btc_usd_1d,96,749,32,stratum,information,0.0036328891118570517,0.09467585661552008,0.03837186418719466,0.007082808697834508
btc_usd_1d,96,749,32,stratum,propagation,0.005599320853855741,0.14976607882215054,0.0373871099376583,0.0026175327761753797
btc_usd_1d,96,749,32,stratum,cascade_bias,0.0038036124176327388,0.2696879193274995,0.014103755285433329,0.001696166897879714
btc_usd_1d,96,749,32,stratum,scaling_exponent,1.196959198423997e-16,0.24106343249348422,4.965328776924099e-16,2.220446049250313e-16
btc_usd_1d,96,749,32,carrier,carrier_price_structure,0.0009463646148014909,0.10867504973490594,0.008708205030593354,0.00022139436683876745
btc_usd_1d,96,749,32,carrier,carrier_realized_volatility,0.3152707565280995,0.31299655715140584,1.0072658926263958,0.25044883050728806
btc_usd_1d,96,749,32,carrier,carrier_participation,0.0422446349063349,0.28540438895258463,0.14801676688074047,0.030347661118354463
btc_usd_1d,96,749,32,carrier,carrier_liquidity_stress,1.1977037833732496e-09,2.122411746352526e-09,0.5643126435912189,8.513297844459089e-10
btc_usd_1d,96,749,32,carrier_ratio,ratio_realized_volatility,0.43378015759278826,0.33032032236068876,1.3132106268627577,0.24692379285608146
btc_usd_1d,96,749,32,carrier_ratio,ratio_participation,0.04073526687578498,0.29301846679748134,0.13901945266794058,0.02970179166363074
btc_usd_1d,96,749,32,carrier_ratio,ratio_liquidity_stress,1.197703825006613e-09,2.122411690841375e-09,0.56431267796674,8.513298954682114e-10
btc_usd_1d,128,749,32,derivative,pressure,0.0002012162427092766,0.13601192109877447,0.0014794015192473424,5.801521500405256e-05
btc_usd_1d,128,749,32,derivative,velocity,0.00044601183308522077,0.7531723386553673,0.0005921776600047238,0.00018733370907403346
btc_usd_1d,128,749,32,derivative,acceleration,0.00027085342166178035,0.4925789244523351,0.0005498680682754013,0.0004621251211230637
btc_usd_1d,128,749,32,derivative,jerk,0.00029925194581800535,0.4997607973533279,0.0005987903561119781,0.0003129020506012596
btc_usd_1d,128,749,32,derivative,snap,0.0001910711865043956,0.5003688058939656,0.0003818607080491864,0.00026090178334772784
btc_usd_1d,128,749,32,stratum,structure,6.47576216688886e-05,0.10867504973490594,0.0005958830644830958,3.99791925531634e-06
btc_usd_1d,128,749,32,stratum,kinematics,8.395755414549594e-05,0.07514610451029824,0.0011172575703373973,8.424199315903991e-07
btc_usd_1d,128,749,32,stratum,geometry,0.0001322036742538047,0.051322334612968035,0.0025759481763793285,9.494529800169182e-05
btc_usd_1d,128,749,32,stratum,information,0.0005185954130871931,0.09467585661552008,0.005477588813304494,9.41849305152731e-06
btc_usd_1d,128,749,32,stratum,propagation,0.0005118285619607164,0.14976607882215054,0.003417519948349055,0.00019025341347655988
btc_usd_1d,128,749,32,stratum,cascade_bias,0.000380794379091165,0.2696879193274995,0.001411981597250345,0.00014579069985742876
btc_usd_1d,128,749,32,stratum,scaling_exponent,1.7867651802561113e-16,0.24106343249348422,7.412012522075103e-16,2.220446049250313e-16
btc_usd_1d,128,749,32,carrier,carrier_price_structure,6.47576216688886e-05,0.10867504973490594,0.0005958830644830958,3.99791925531634e-06
btc_usd_1d,128,749,32,carrier,carrier_realized_volatility,0.17608286312827143,0.31299655715140584,0.5625712459293757,0.12930782665226764
btc_usd_1d,128,749,32,carrier,carrier_participation,0.014518512077806496,0.28540438895258463,0.05086996780634132,0.010399069715006815
btc_usd_1d,128,749,32,carrier,carrier_liquidity_stress,5.216877554947708e-10,2.122411746352526e-09,0.24579950445115942,3.7081659964854907e-10
btc_usd_1d,128,749,32,carrier_ratio,ratio_realized_volatility,0.19925372174960732,0.33032032236068876,0.6032136331352781,0.12272549872684557
btc_usd_1d,128,749,32,carrier_ratio,ratio_participation,0.013925213996750077,0.29301846679748134,0.047523332399300414,0.010093055513477056
btc_usd_1d,128,749,32,carrier_ratio,ratio_liquidity_stress,5.216878248837098e-10,2.122411690841375e-09,0.24579954357342437,3.7081671067085153e-10
btc_usd_1d,192,749,32,derivative,pressure,2.5091184499291585e-06,0.13601192109877447,1.8447783324132217e-05,9.458084139681716e-07
btc_usd_1d,192,749,32,derivative,velocity,2.7842055291901627e-06,0.7531723386553673,3.696638055190374e-06,8.308420301195163e-07
btc_usd_1d,192,749,32,derivative,acceleration,3.3075024273833626e-06,0.4925789244523351,6.714664926155233e-06,3.2875544449875727e-06
btc_usd_1d,192,749,32,derivative,jerk,3.112273184534232e-06,0.4997607973533279,6.227525650304007e-06,1.601338562300103e-06
btc_usd_1d,192,749,32,derivative,snap,2.4451239544734295e-06,0.5003688058939656,4.886643463125041e-06,2.4032250598438054e-06
btc_usd_1d,192,749,32,stratum,structure,4.311395362150902e-06,0.10867504973490594,3.9672356927075795e-05,1.4981920650747327e-06
btc_usd_1d,192,749,32,stratum,kinematics,7.620978968933545e-07,0.07514610451029824,1.0141548944681683e-05,3.918495933841193e-07
btc_usd_1d,192,749,32,stratum,geometry,8.209289649323964e-06,0.051322334612968035,0.00015995549912590406,6.5231100698781574e-06
btc_usd_1d,192,749,32,stratum,information,1.845309075383661e-06,0.09467585661552008,1.9490809392699617e-05,1.0020109039166059e-06
btc_usd_1d,192,749,32,stratum,propagation,2.745326436169246e-05,0.14976607882215054,0.0001833076259831415,2.5349535955898617e-06
btc_usd_1d,192,749,32,stratum,cascade_bias,2.0347329734000507e-05,0.2696879193274995,7.544768703299396e-05,7.420568421956375e-07
btc_usd_1d,192,749,32,stratum,scaling_exponent,9.020562075079397e-17,0.24106343249348422,3.7419869043485956e-16,1.1102230246251565e-16
btc_usd_1d,192,749,32,carrier,carrier_price_structure,4.311395362150902e-06,0.10867504973490594,3.9672356927075795e-05,1.4981920650747327e-06
btc_usd_1d,192,749,32,carrier,carrier_realized_volatility,0.02596923647000003,0.31299655715140584,0.08296971924019576,0.018209439476821854
btc_usd_1d,192,749,32,carrier,carrier_participation,0.026719946669731386,0.28540438895258463,0.09362135868965378,0.018833215845723117
btc_usd_1d,192,749,32,carrier,carrier_liquidity_stress,6.789664663831019e-11,2.122411746352526e-09,0.03199032739759101,4.826117283585063e-11
btc_usd_1d,192,749,32,carrier_ratio,ratio_realized_volatility,0.02644618645942175,0.33032032236068876,0.08006224464307769,0.017317733167628857
btc_usd_1d,192,749,32,carrier_ratio,ratio_participation,0.025422336344536375,0.29301846679748134,0.08676018485246847,0.018063100224657958
btc_usd_1d,192,749,32,carrier_ratio,ratio_liquidity_stress,6.789673684393094e-11,2.122411690841375e-09,0.03199037073576194,4.826117283585063e-11
btc_usd_1d,256,749,32,derivative,pressure,2.8165164166655556e-06,0.13601192109877447,2.070786438359434e-05,9.75254129767858e-07
btc_usd_1d,256,749,32,derivative,velocity,3.759016594400647e-06,0.7531723386553673,4.990911643292145e-06,2.8208482505398536e-07
btc_usd_1d,256,749,32,derivative,acceleration,3.5040685033308687e-06,0.4925789244523351,7.113719912452209e-06,1.235721031750403e-08
btc_usd_1d,256,749,32,derivative,jerk,3.5896115287443325e-06,0.4997607973533279,7.182659279708365e-06,2.819957499157477e-06
btc_usd_1d,256,749,32,derivative,snap,2.444788697921526e-06,0.5003688058939656,4.885973444235065e-06,2.4174234129065164e-06
btc_usd_1d,256,749,32,stratum,structure,2.983967220624578e-06,0.10867504973490594,2.7457702829706104e-05,1.0708622603661233e-06
btc_usd_1d,256,749,32,stratum,kinematics,7.690158252051521e-07,0.07514610451029824,1.0233608650994863e-05,1.3306413648717097e-07
btc_usd_1d,256,749,32,stratum,geometry,5.641686984652131e-06,0.051322334612968035,0.00010992654615572768,5.032588768327795e-06
btc_usd_1d,256,749,32,stratum,information,1.2787818465948009e-06,0.09467585661552008,1.3506947729957713e-05,7.749013637980973e-07
btc_usd_1d,256,749,32,stratum,propagation,2.0408621867619436e-05,0.14976607882215054,0.00013626998869253285,2.5875642929440446e-06
btc_usd_1d,256,749,32,stratum,cascade_bias,1.394606852939519e-05,0.2696879193274995,5.1711877062092556e-05,9.09692633999093e-08
btc_usd_1d,256,749,32,stratum,scaling_exponent,6.071532165918825e-17,0.24106343249348422,2.518645031773093e-16,1.1102230246251565e-16
btc_usd_1d,256,749,32,carrier,carrier_price_structure,2.983967220624578e-06,0.10867504973490594,2.7457702829706104e-05,1.0708622603661233e-06
btc_usd_1d,256,749,32,carrier,carrier_realized_volatility,0.00736632877604667,0.31299655715140584,0.023534855600610825,0.005148290216635043
btc_usd_1d,256,749,32,carrier,carrier_participation,0.0015300325522261456,0.28540438895258463,0.005360928603240001,0.0010897291015058985
btc_usd_1d,256,749,32,carrier,carrier_liquidity_stress,1.4532548775481047e-11,2.122411746352526e-09,0.006847186367327631,1.0329737065717381e-11
btc_usd_1d,256,749,32,carrier_ratio,ratio_realized_volatility,0.007447928720098314,0.33032032236068876,0.022547594610196734,0.004908957528994118
btc_usd_1d,256,749,32,carrier_ratio,ratio_participation,0.0014618517211082878,0.29301846679748134,0.004988940584822053,0.0010524176040050959
btc_usd_1d,256,749,32,carrier_ratio,ratio_liquidity_stress,1.4532534897693239e-11,2.122411690841375e-09,0.006847180007726114,1.0329959110322307e-11
btc_usd_1d,365,749,32,derivative,pressure,2.0892813020877837e-08,0.13601192109877447,1.536101604336952e-07,7.611057256662335e-09
btc_usd_1d,365,749,32,derivative,velocity,2.3535975660808964e-08,0.7531723386553673,3.124912380986742e-08,4.331367986498691e-09
btc_usd_1d,365,749,32,derivative,acceleration,2.692973668784156e-08,0.4925789244523351,5.467090724147993e-08,2.219610673037664e-08
btc_usd_1d,365,749,32,derivative,jerk,2.648924421033271e-08,0.4997607973533279,5.300384574103553e-08,1.502802668765235e-08
btc_usd_1d,365,749,32,derivative,snap,1.9327346138884455e-08,0.5003688058939656,3.862620113648763e-08,2.3282340180785788e-08
btc_usd_1d,365,749,32,stratum,structure,3.307123509765919e-08,0.10867504973490594,3.043130431348389e-07,1.1538698052593332e-08
btc_usd_1d,365,749,32,stratum,kinematics,5.584917580486737e-09,0.07514610451029824,7.432078637850567e-08,3.433742346015123e-09
btc_usd_1d,365,749,32,stratum,geometry,6.064938400454634e-08,0.051322334612968035,1.1817347059894184e-06,4.618783189247466e-08
btc_usd_1d,365,749,32,stratum,information,1.3842009287043378e-08,0.09467585661552008,1.4620421490619263e-07,7.683956693149696e-09
btc_usd_1d,365,749,32,stratum,propagation,2.1221967843806921e-07,0.14976607882215054,1.4170076435671608e-06,2.227825179890175e-08
btc_usd_1d,365,749,32,stratum,cascade_bias,1.4576681059766394e-07,0.2696879193274995,5.405018176607675e-07,3.8696361115420075e-09
btc_usd_1d,365,749,32,stratum,scaling_exponent,6.071532165918825e-17,0.24106343249348422,2.518645031773093e-16,1.1102230246251565e-16
btc_usd_1d,365,749,32,carrier,carrier_price_structure,3.307123509765919e-08,0.10867504973490594,3.043130431348389e-07,1.1538698052593332e-08
btc_usd_1d,365,749,32,carrier,carrier_realized_volatility,0.0007357478372149451,0.31299655715140584,0.0023506579238794685,0.0005129187207279506
btc_usd_1d,365,749,32,carrier,carrier_participation,0.0005883060395855191,0.28540438895258463,0.0020613069117281753,0.00041586002631904817
btc_usd_1d,365,749,32,carrier,carrier_liquidity_stress,2.4119803376798643e-12,2.122411746352526e-09,0.001136433748929715,1.7142953723237042e-12
btc_usd_1d,365,749,32,carrier_ratio,ratio_realized_volatility,0.0007422886844554097,0.33032032236068876,0.002247178372649073,0.0004896389819356584
btc_usd_1d,365,749,32,carrier_ratio,ratio_participation,0.0005605397105079638,0.29301846679748134,0.0019129842451034965,0.00040124814351139015
btc_usd_1d,365,749,32,carrier_ratio,ratio_liquidity_stress,2.412063604406711e-12,2.122411690841375e-09,0.0011364730107807273,1.7146284392310918e-12
